painting_title,subjects
A Walk In The Woods,BUSHES
A Walk In The Woods,DECIDUOUS
A Walk In The Woods,GRASS
A Walk In The Woods,RIVER
A Walk In The Woods,TREE
A Walk In The Woods,TREES
Mount Mckinley,CABIN
Mount Mckinley,CLOUDS
Mount Mckinley,CONIFER
Mount Mckinley,MOUNTAIN
Mount Mckinley,SNOW
Mount Mckinley,SNOWY_MOUNTAIN
Mount Mckinley,TREE
Mount Mckinley,TREES
Mount Mckinley,WINTER
Ebony Sunset,CABIN
Ebony Sunset,CONIFER
Ebony Sunset,FENCE
Ebony Sunset,MOUNTAIN
Ebony Sunset,MOUNTAINS
Ebony Sunset,STRUCTURE
Ebony Sunset,SUN
Ebony Sunset,TREE
Ebony Sunset,TREES
Ebony Sunset,WINTER
Winter Mist,BUSHES
Winter Mist,CLOUDS
Winter Mist,CONIFER
Winter Mist,LAKE
Winter Mist,MOUNTAIN
Winter Mist,SNOWY_MOUNTAIN
Winter Mist,TREE
Winter Mist,TREES
Quiet Stream,DECIDUOUS
Quiet Stream,RIVER
Quiet Stream,ROCKS
Quiet Stream,TREE
Quiet Stream,TREES
Winter Moon,CABIN
Winter Moon,CONIFER
Winter Moon,LAKE
Winter Moon,MOON
Winter Moon,MOUNTAIN
Winter Moon,MOUNTAINS
Winter Moon,NIGHT
Winter Moon,SNOW
Winter Moon,SNOWY_MOUNTAIN
Winter Moon,STRUCTURE
Winter Moon,TREE
Winter Moon,TREES
Winter Moon,WINTER
Autumn Mountains,DECIDUOUS
Autumn Mountains,LAKE
Autumn Mountains,MOUNTAIN
Autumn Mountains,MOUNTAINS
Autumn Mountains,SNOWY_MOUNTAIN
Autumn Mountains,TREE
Autumn Mountains,TREES
Peaceful Valley,BUSHES
Peaceful Valley,CONIFER
Peaceful Valley,LAKE
Peaceful Valley,MOUNTAIN
Peaceful Valley,MOUNTAINS
Peaceful Valley,TREE
Peaceful Valley,TREES
Seascape,BEACH
Seascape,CLOUDS
Seascape,FENCE
Seascape,OCEAN
Mountain Lake,BUSHES
Mountain Lake,CONIFER
Mountain Lake,DECIDUOUS
Mountain Lake,LAKE
Mountain Lake,MOUNTAIN
Mountain Lake,TREE
Mountain Lake,TREES
Winter Glow,DECIDUOUS
Winter Glow,LAKE
Winter Glow,TREE
Winter Glow,TREES
Snowfall,CIRRUS
Snowfall,CLOUDS
Snowfall,CONIFER
Snowfall,LAKE
Snowfall,MOUNTAIN
Snowfall,MOUNTAINS
Snowfall,SNOWY_MOUNTAIN
Snowfall,TREE
Snowfall,TREES
Final Reflections,BUSHES
Final Reflections,CONIFER
Final Reflections,DECIDUOUS
Final Reflections,GRASS
Final Reflections,MOUNTAIN
Final Reflections,SNOWY_MOUNTAIN
Final Reflections,TREE
Final Reflections,TREES
Meadow Lake,BUSHES
Meadow Lake,CONIFER
Meadow Lake,CUMULUS
Meadow Lake,DECIDUOUS
Meadow Lake,GRASS
Meadow Lake,LAKE
Meadow Lake,MOUNTAIN
Meadow Lake,SNOWY_MOUNTAIN
Meadow Lake,TREE
Meadow Lake,TREES
Winter Sun,CONIFER
Winter Sun,LAKE
Winter Sun,SNOW
Winter Sun,SUN
Winter Sun,TREE
Winter Sun,TREES
Ebony Sea,CLOUDS
Ebony Sea,CUMULUS
Ebony Sea,DECIDUOUS
Ebony Sea,OCEAN
Ebony Sea,SUN
Ebony Sea,TREE
Ebony Sea,TREES
Ebony Sea,WAVES
Shades Of Grey,BUSHES
Shades Of Grey,CABIN
Shades Of Grey,CLOUDS
Shades Of Grey,CONIFER
Shades Of Grey,CUMULUS
Shades Of Grey,DECIDUOUS
Shades Of Grey,LAKE
Shades Of Grey,MOUNTAIN
Shades Of Grey,MOUNTAINS
Shades Of Grey,SNOW
Shades Of Grey,SNOWY_MOUNTAIN
Shades Of Grey,STRUCTURE
Shades Of Grey,TREE
Shades Of Grey,TREES
Autumn Splendor,BUSHES
Autumn Splendor,DECIDUOUS
Autumn Splendor,GRASS
Autumn Splendor,LAKE
Autumn Splendor,TREE
Autumn Splendor,TREES
Black River,BUSHES
Black River,CLOUDS
Black River,CUMULUS
Black River,DECIDUOUS
Black River,GRASS
Black River,RIVER
Black River,TREE
Black River,TREES
Brown Mountain,CLOUDS
Brown Mountain,CONIFER
Brown Mountain,CUMULUS
Brown Mountain,GRASS
Brown Mountain,LAKE
Brown Mountain,MOUNTAIN
Brown Mountain,MOUNTAINS
Brown Mountain,TREE
Brown Mountain,TREES
Reflections,BUSHES
Reflections,CIRRUS
Reflections,CLOUDS
Reflections,CONIFER
Reflections,LAKE
Reflections,MOUNTAIN
Reflections,SNOWY_MOUNTAIN
Reflections,TREE
Reflections,TREES
Black & White Seascape,CIRRUS
Black & White Seascape,CUMULUS
Black & White Seascape,DECIDUOUS
Black & White Seascape,OCEAN
Black & White Seascape,ROCKS
Black & White Seascape,SUN
Black & White Seascape,TREE
Black & White Seascape,TREES
Black & White Seascape,WAVES
Lazy River,DECIDUOUS
Lazy River,GRASS
Lazy River,RIVER
Lazy River,TREE
Lazy River,TREES
Black Waterfall,BUSHES
Black Waterfall,CLOUDS
Black Waterfall,CONIFER
Black Waterfall,CUMULUS
Black Waterfall,DECIDUOUS
Black Waterfall,GRASS
Black Waterfall,RIVER
Black Waterfall,ROCKS
Black Waterfall,TREE
Black Waterfall,TREES
Black Waterfall,WATERFALL
Mountain Waterfall,DECIDUOUS
Mountain Waterfall,GRASS
Mountain Waterfall,LAKE
Mountain Waterfall,MOUNTAIN
Mountain Waterfall,MOUNTAINS
Mountain Waterfall,SNOWY_MOUNTAIN
Mountain Waterfall,TREE
Mountain Waterfall,TREES
Mountain Waterfall,WATERFALL
Final Grace,BUSHES
Final Grace,CLOUDS
Final Grace,CONIFER
Final Grace,CUMULUS
Final Grace,LAKE
Final Grace,MOUNTAIN
Final Grace,MOUNTAINS
Final Grace,SNOWY_MOUNTAIN
Final Grace,TREE
Final Grace,TREES
Mountain Retreat,BUSHES
Mountain Retreat,CABIN
Mountain Retreat,CONIFER
Mountain Retreat,DECIDUOUS
Mountain Retreat,LAKE
Mountain Retreat,MOUNTAIN
Mountain Retreat,MOUNTAINS
Mountain Retreat,STRUCTURE
Mountain Retreat,TREE
Mountain Retreat,TREES
Blue Moon,CLOUDS
Blue Moon,CUMULUS
Blue Moon,MOON
Blue Moon,NIGHT
Blue Moon,OCEAN
Blue Moon,PALM_TREES
Blue Moon,TREE
Blue Moon,TREES
Blue Moon,WAVES
Bubbling Stream,DECIDUOUS
Bubbling Stream,GRASS
Bubbling Stream,RIVER
Bubbling Stream,ROCKS
Bubbling Stream,TREE
Bubbling Stream,TREES
Winter Night,CABIN
Winter Night,CONIFER
Winter Night,SNOW
Winter Night,STRUCTURE
Winter Night,TREE
Winter Night,TREES
Winter Night,WINTER
Distant Hills,CIRRUS
Distant Hills,CLOUDS
Distant Hills,CONIFER
Distant Hills,DECIDUOUS
Distant Hills,HILLS
Distant Hills,LAKE
Distant Hills,MOUNTAIN
Distant Hills,MOUNTAINS
Distant Hills,TREE
Distant Hills,TREES
Covered Bridge,BRIDGE
Covered Bridge,DECIDUOUS
Covered Bridge,PATH
Covered Bridge,STRUCTURE
Covered Bridge,TREE
Covered Bridge,TREES
Quiet Inlet,DECIDUOUS
Quiet Inlet,LAKE
Quiet Inlet,MOUNTAIN
Quiet Inlet,MOUNTAINS
Quiet Inlet,TREE
Quiet Inlet,TREES
Night Light,CLIFF
Night Light,CLOUDS
Night Light,CUMULUS
Night Light,LIGHTHOUSE
Night Light,NIGHT
Night Light,OCEAN
Night Light,STRUCTURE
Night Light,WAVES
The Old Mill,BUSHES
The Old Mill,CABIN
The Old Mill,CLOUDS
The Old Mill,CUMULUS
The Old Mill,DECIDUOUS
The Old Mill,MILL
The Old Mill,RIVER
The Old Mill,STRUCTURE
The Old Mill,TREE
The Old Mill,TREES
Campfire,BUSHES
Campfire,DECIDUOUS
Campfire,FIRE
Campfire,LAKE
Campfire,PERSON
Campfire,TREE
Campfire,TREES
Rustic Barn,BARN
Rustic Barn,DECIDUOUS
Rustic Barn,FENCE
Rustic Barn,LAKE
Rustic Barn,STRUCTURE
Rustic Barn,TREE
Rustic Barn,TREES
Hidden Lake,BUSHES
Hidden Lake,CONIFER
Hidden Lake,DECIDUOUS
Hidden Lake,LAKE
Hidden Lake,MOUNTAIN
Hidden Lake,MOUNTAINS
Hidden Lake,TREE
Hidden Lake,TREES
Peaceful Waters,CLOUDS
Peaceful Waters,CONIFER
Peaceful Waters,CUMULUS
Peaceful Waters,DECIDUOUS
Peaceful Waters,GUEST
Peaceful Waters,LAKE
Peaceful Waters,MOUNTAIN
Peaceful Waters,SNOWY_MOUNTAIN
Peaceful Waters,STEVE_ROSS
Peaceful Waters,TREE
Peaceful Waters,TREES
Purple Splendor,CABIN
Purple Splendor,CONIFER
Purple Splendor,LAKE
Purple Splendor,SNOW
Purple Splendor,STRUCTURE
Purple Splendor,TREE
Purple Splendor,TREES
Purple Splendor,WINTER
Tranquil Valley,BUSHES
Tranquil Valley,CLOUDS
Tranquil Valley,CUMULUS
Tranquil Valley,DECIDUOUS
Tranquil Valley,GRASS
Tranquil Valley,LAKE
Tranquil Valley,MOUNTAIN
Tranquil Valley,MOUNTAINS
Tranquil Valley,TREE
Tranquil Valley,TREES
Majestic Mountains,BUSHES
Majestic Mountains,CONIFER
Majestic Mountains,GRASS
Majestic Mountains,MOUNTAIN
Majestic Mountains,MOUNTAINS
Majestic Mountains,SNOWY_MOUNTAIN
Majestic Mountains,TREE
Majestic Mountains,TREES
Winter Sawscape,CABIN
Winter Sawscape,CIRCLE_FRAME
Winter Sawscape,CLOUDS
Winter Sawscape,CONIFER
Winter Sawscape,CUMULUS
Winter Sawscape,DECIDUOUS
Winter Sawscape,FRAMED
Winter Sawscape,GUEST
Winter Sawscape,LAKE
Winter Sawscape,SNOW
Winter Sawscape,STRUCTURE
Winter Sawscape,TREE
Winter Sawscape,TREES
Winter Sawscape,WINTER
Evening Seascape,BEACH
Evening Seascape,CLIFF
Evening Seascape,CLOUDS
Evening Seascape,CONIFER
Evening Seascape,CUMULUS
Evening Seascape,OCEAN
Evening Seascape,ROCKS
Evening Seascape,TREE
Evening Seascape,TREES
Evening Seascape,WAVES
Warm Summer Day,BUSHES
Warm Summer Day,DECIDUOUS
Warm Summer Day,LAKE
Warm Summer Day,TREE
Warm Summer Day,TREES
Cabin In The Woods,CABIN
Cabin In The Woods,DECIDUOUS
Cabin In The Woods,GRASS
Cabin In The Woods,PATH
Cabin In The Woods,STRUCTURE
Cabin In The Woods,TREE
Cabin In The Woods,TREES
Wetlands,CONIFER
Wetlands,DECIDUOUS
Wetlands,GRASS
Wetlands,LAKE
Wetlands,TREE
Wetlands,TREES
Cool Waters,BUSHES
Cool Waters,CLOUDS
Cool Waters,CONIFER
Cool Waters,LAKE
Cool Waters,MOUNTAIN
Cool Waters,MOUNTAINS
Cool Waters,SNOWY_MOUNTAIN
Cool Waters,TREE
Cool Waters,TREES
Quiet Woods,BUSHES
Quiet Woods,CONIFER
Quiet Woods,GRASS
Quiet Woods,RIVER
Quiet Woods,TREE
Quiet Woods,TREES
Northwest Majesty,CLOUDS
Northwest Majesty,CONIFER
Northwest Majesty,CUMULUS
Northwest Majesty,DIANE_ANDRE
Northwest Majesty,GUEST
Northwest Majesty,MOUNTAIN
Northwest Majesty,MOUNTAINS
Northwest Majesty,SNOWY_MOUNTAIN
Northwest Majesty,TREE
Northwest Majesty,TREES
Autumn Days,DECIDUOUS
Autumn Days,GRASS
Autumn Days,HILLS
Autumn Days,LAKE
Autumn Days,TREE
Autumn Days,TREES
Mountain Challenge,CONIFER
Mountain Challenge,GRASS
Mountain Challenge,LAKE
Mountain Challenge,MOUNTAIN
Mountain Challenge,SNOWY_MOUNTAIN
Mountain Challenge,TREE
Mountain Waterfall,BUSHES
Mountain Waterfall,CLOUDS
Mountain Waterfall,CONIFER
Mountain Waterfall,CUMULUS
Mountain Waterfall,LAKE
Mountain Waterfall,MOUNTAIN
Mountain Waterfall,MOUNTAINS
Mountain Waterfall,SNOWY_MOUNTAIN
Mountain Waterfall,TREE
Mountain Waterfall,TREES
Mountain Waterfall,WATERFALL
Twilight Meadow,CLOUDS
Twilight Meadow,CUMULUS
Twilight Meadow,DECIDUOUS
Twilight Meadow,GRASS
Twilight Meadow,LAKE
Twilight Meadow,TREE
Twilight Meadow,TREES
Mountain Blossoms,CONIFER
Mountain Blossoms,FLOWERS
Mountain Blossoms,GUEST
Mountain Blossoms,MOUNTAIN
Mountain Blossoms,MOUNTAINS
Mountain Blossoms,SNOW
Mountain Blossoms,SNOWY_MOUNTAIN
Mountain Blossoms,TREE
Mountain Blossoms,TREES
Winter Stillness,CONIFER
Winter Stillness,DECIDUOUS
Winter Stillness,LAKE
Winter Stillness,SNOW
Winter Stillness,TREE
Winter Stillness,TREES
Winter Stillness,WINTER
Quiet Pond,DECIDUOUS
Quiet Pond,GRASS
Quiet Pond,LAKE
Quiet Pond,TREE
Quiet Pond,TREES
Ocean Sunrise,CLOUDS
Ocean Sunrise,GRASS
Ocean Sunrise,GUEST
Ocean Sunrise,OCEAN
Ocean Sunrise,SUN
Bubbling Brook,DECIDUOUS
Bubbling Brook,GRASS
Bubbling Brook,RIVER
Bubbling Brook,ROCKS
Bubbling Brook,TREE
Bubbling Brook,TREES
Arizona Splendor,DECIDUOUS
Arizona Splendor,GRASS
Arizona Splendor,MOUNTAIN
Arizona Splendor,MOUNTAINS
Arizona Splendor,RIVER
Arizona Splendor,TREE
Arizona Splendor,TREES
Anatomy Of A Wave,GUEST
Anatomy Of A Wave,OCEAN
Anatomy Of A Wave,WAVES
The Windmill,BARN
The Windmill,CLOUDS
The Windmill,DECIDUOUS
The Windmill,PATH
The Windmill,STRUCTURE
The Windmill,TREE
The Windmill,WINDMILL
Autumn Glory,BUSHES
Autumn Glory,CLOUDS
Autumn Glory,CUMULUS
Autumn Glory,DECIDUOUS
Autumn Glory,GRASS
Autumn Glory,LAKE
Autumn Glory,MOUNTAIN
Autumn Glory,ROCKS
Autumn Glory,SNOWY_MOUNTAIN
Autumn Glory,TREE
Autumn Glory,TREES
Indian Girl,GUEST
Indian Girl,PORTRAIT
Meadow Stream,BARN
Meadow Stream,CLOUDS
Meadow Stream,DECIDUOUS
Meadow Stream,GRASS
Meadow Stream,RIVER
Meadow Stream,ROCKS
Meadow Stream,STRUCTURE
Meadow Stream,TREE
Meadow Stream,TREES
Blue River,BUSHES
Blue River,CONIFER
Blue River,DECIDUOUS
Blue River,GRASS
Blue River,HILLS
Blue River,RIVER
Blue River,TREE
Blue River,TREES
Nature'S Edge,BUSHES
Nature'S Edge,CABIN
Nature'S Edge,CLOUDS
Nature'S Edge,DECIDUOUS
Nature'S Edge,FOG
Nature'S Edge,GRASS
Nature'S Edge,LAKE
Nature'S Edge,STRUCTURE
Nature'S Edge,TREE
Nature'S Edge,TREES
Morning Mist,CLOUDS
Morning Mist,CONIFER
Morning Mist,FOG
Morning Mist,LAKE
Morning Mist,MOUNTAIN
Morning Mist,SNOWY_MOUNTAIN
Morning Mist,TREE
Morning Mist,TREES
Whispering Stream,DECIDUOUS
Whispering Stream,GRASS
Whispering Stream,RIVER
Whispering Stream,ROCKS
Whispering Stream,TREE
Whispering Stream,TREES
Secluded Forest,BUSHES
Secluded Forest,DECIDUOUS
Secluded Forest,RIVER
Secluded Forest,TREE
Secluded Forest,TREES
Snow Trail,CLOUDS
Snow Trail,CONIFER
Snow Trail,CUMULUS
Snow Trail,GRASS
Snow Trail,SNOW
Snow Trail,TREE
Snow Trail,TREES
Arctic Beauty,CIRRUS
Arctic Beauty,CLOUDS
Arctic Beauty,CONIFER
Arctic Beauty,GRASS
Arctic Beauty,MOUNTAIN
Arctic Beauty,MOUNTAINS
Arctic Beauty,RIVER
Arctic Beauty,SNOWY_MOUNTAIN
Arctic Beauty,TREE
Arctic Beauty,TREES
Arctic Beauty,WATERFALL
Horizons West,BUSHES
Horizons West,CONIFER
Horizons West,LAKE
Horizons West,MOUNTAIN
Horizons West,SNOWY_MOUNTAIN
Horizons West,TREE
Horizons West,TREES
High Chateau,BUSHES
High Chateau,CABIN
High Chateau,CLOUDS
High Chateau,CONIFER
High Chateau,CUMULUS
High Chateau,GRASS
High Chateau,ROCKS
High Chateau,TREE
High Chateau,TREES
Country Life,BARN
Country Life,CIRRUS
Country Life,CLOUDS
Country Life,FENCE
Country Life,GRASS
Western Expanse,CIRRUS
Western Expanse,CLOUDS
Western Expanse,DECIDUOUS
Western Expanse,MOUNTAIN
Western Expanse,MOUNTAINS
Western Expanse,RIVER
Western Expanse,TREE
Marshlands,BUSHES
Marshlands,CLOUDS
Marshlands,DECIDUOUS
Marshlands,LAKE
Marshlands,TREE
Marshlands,TREES
Blaze Of Color,CLOUDS
Blaze Of Color,CONIFER
Blaze Of Color,DECIDUOUS
Blaze Of Color,GRASS
Blaze Of Color,HILLS
Blaze Of Color,RIVER
Blaze Of Color,TREE
Blaze Of Color,TREES
Winter Cabin,CABIN
Winter Cabin,CLOUDS
Winter Cabin,DECIDUOUS
Winter Cabin,SNOW
Winter Cabin,STRUCTURE
Winter Cabin,TREE
Winter Cabin,WINTER
Secluded Lake,CLOUDS
Secluded Lake,DECIDUOUS
Secluded Lake,GRASS
Secluded Lake,LAKE
Secluded Lake,ROCKS
Secluded Lake,TREE
Secluded Lake,TREES
Evergreens At Sunset,CIRRUS
Evergreens At Sunset,CLOUDS
Evergreens At Sunset,CONIFER
Evergreens At Sunset,DECIDUOUS
Evergreens At Sunset,RIVER
Evergreens At Sunset,SUN
Evergreens At Sunset,TREE
Evergreens At Sunset,TREES
Mountain Cabin,CABIN
Mountain Cabin,CLOUDS
Mountain Cabin,CONIFER
Mountain Cabin,CUMULUS
Mountain Cabin,DECIDUOUS
Mountain Cabin,MOUNTAIN
Mountain Cabin,MOUNTAINS
Mountain Cabin,RIVER
Mountain Cabin,SNOWY_MOUNTAIN
Mountain Cabin,STRUCTURE
Mountain Cabin,TREE
Mountain Cabin,TREES
Portrait Of Sally,GUEST
Portrait Of Sally,PORTRAIT
Misty Waterfall,BUSHES
Misty Waterfall,CLOUDS
Misty Waterfall,CUMULUS
Misty Waterfall,DECIDUOUS
Misty Waterfall,LAKE
Misty Waterfall,RIVER
Misty Waterfall,TREE
Misty Waterfall,TREES
Misty Waterfall,WATERFALL
Barn At Sunset,BARN
Barn At Sunset,CLOUDS
Barn At Sunset,CUMULUS
Barn At Sunset,DECIDUOUS
Barn At Sunset,PATH
Barn At Sunset,SNOW
Barn At Sunset,STRUCTURE
Barn At Sunset,TREE
Barn At Sunset,TREES
Mountain Splendor,BUSHES
Mountain Splendor,DECIDUOUS
Mountain Splendor,MOUNTAIN
Mountain Splendor,RIVER
Mountain Splendor,SNOWY_MOUNTAIN
Mountain Splendor,TREE
Mountain Splendor,TREES
Lake By Mountain,BUSHES
Lake By Mountain,CLOUDS
Lake By Mountain,CUMULUS
Lake By Mountain,DECIDUOUS
Lake By Mountain,GUEST
Lake By Mountain,LAKE
Lake By Mountain,MOUNTAIN
Lake By Mountain,SNOWY_MOUNTAIN
Lake By Mountain,STEVE_ROSS
Lake By Mountain,TREE
Lake By Mountain,TREES
Mountain Glory,CLOUDS
Mountain Glory,CONIFER
Mountain Glory,GRASS
Mountain Glory,MOUNTAIN
Mountain Glory,MOUNTAINS
Mountain Glory,SNOWY_MOUNTAIN
Mountain Glory,TREE
Mountain Glory,TREES
Grey Winter,BUSHES
Grey Winter,CLOUDS
Grey Winter,LAKE
Grey Winter,SNOW
Grey Winter,TREE
Grey Winter,TREES
Grey Winter,WINTER
Dock Scene,BOAT
Dock Scene,CLOUDS
Dock Scene,CUMULUS
Dock Scene,DECIDUOUS
Dock Scene,DOCK
Dock Scene,LAKE
Dock Scene,STRUCTURE
Dock Scene,TREE
Dark Waterfall,BUSHES
Dark Waterfall,DECIDUOUS
Dark Waterfall,RIVER
Dark Waterfall,TREE
Dark Waterfall,TREES
Dark Waterfall,WATERFALL
Misty Rolling Hills,CONIFER
Misty Rolling Hills,FOG
Misty Rolling Hills,GRASS
Misty Rolling Hills,MOUNTAIN
Misty Rolling Hills,MOUNTAINS
Misty Rolling Hills,TREE
Misty Rolling Hills,TREES
Lakeside Cabin,BUSHES
Lakeside Cabin,CABIN
Lakeside Cabin,CIRCLE_FRAME
Lakeside Cabin,CLOUDS
Lakeside Cabin,DECIDUOUS
Lakeside Cabin,FRAMED
Lakeside Cabin,GRASS
Lakeside Cabin,LAKE
Lakeside Cabin,STRUCTURE
Lakeside Cabin,TREE
Lakeside Cabin,TREES
Warm Winter Day,CABIN
Warm Winter Day,DECIDUOUS
Warm Winter Day,GRASS
Warm Winter Day,SNOW
Warm Winter Day,STRUCTURE
Warm Winter Day,SUN
Warm Winter Day,TREE
Warm Winter Day,TREES
Warm Winter Day,WINTER
Waterside Way,BUSHES
Waterside Way,DECIDUOUS
Waterside Way,GRASS
Waterside Way,LAKE
Waterside Way,PATH
Waterside Way,ROCKS
Waterside Way,TREE
Waterside Way,TREES
Hunter'S Haven,CABIN
Hunter'S Haven,CIRRUS
Hunter'S Haven,CLOUDS
Hunter'S Haven,CONIFER
Hunter'S Haven,DECIDUOUS
Hunter'S Haven,PATH
Hunter'S Haven,RIVER
Hunter'S Haven,ROCKS
Hunter'S Haven,STRUCTURE
Hunter'S Haven,TREE
Hunter'S Haven,TREES
Bubbling Mountain Brook,BUSHES
Bubbling Mountain Brook,CLOUDS
Bubbling Mountain Brook,CONIFER
Bubbling Mountain Brook,GRASS
Bubbling Mountain Brook,MOUNTAIN
Bubbling Mountain Brook,MOUNTAINS
Bubbling Mountain Brook,RIVER
Bubbling Mountain Brook,TREE
Bubbling Mountain Brook,TREES
Winter Hideaway,CABIN
Winter Hideaway,CONIFER
Winter Hideaway,DECIDUOUS
Winter Hideaway,FENCE
Winter Hideaway,SNOW
Winter Hideaway,STRUCTURE
Winter Hideaway,TREE
Winter Hideaway,TREES
Winter Hideaway,WINTER
Foot Of The Mountain,CONIFER
Foot Of The Mountain,DECIDUOUS
Foot Of The Mountain,GRASS
Foot Of The Mountain,MOUNTAIN
Foot Of The Mountain,MOUNTAINS
Foot Of The Mountain,RIVER
Foot Of The Mountain,SNOWY_MOUNTAIN
Foot Of The Mountain,TREE
Foot Of The Mountain,TREES
Majestic Pine,BUSHES
Majestic Pine,CLOUDS
Majestic Pine,CONIFER
Majestic Pine,FRAMED
Majestic Pine,RECTANGULAR_FRAME
Majestic Pine,TREE
Majestic Pine,TREES
Cactus At Sunset,CACTUS
Cactus At Sunset,CLOUDS
Cactus At Sunset,PATH
Cactus At Sunset,ROCKS
Mountain Range,CLOUDS
Mountain Range,CONIFER
Mountain Range,CUMULUS
Mountain Range,DECIDUOUS
Mountain Range,GUEST
Mountain Range,LAKE
Mountain Range,MOUNTAIN
Mountain Range,MOUNTAINS
Mountain Range,SNOWY_MOUNTAIN
Mountain Range,STEVE_ROSS
Mountain Range,TREE
Mountain Range,TREES
Lonely Retreat,CABIN
Lonely Retreat,CLOUDS
Lonely Retreat,CONIFER
Lonely Retreat,SNOW
Lonely Retreat,STRUCTURE
Lonely Retreat,TREE
Lonely Retreat,WINTER
Northern Lights,AURORA_BOREALIS
Northern Lights,CABIN
Northern Lights,CONIFER
Northern Lights,DECIDUOUS
Northern Lights,LAKE
Northern Lights,MOUNTAIN
Northern Lights,NIGHT
Northern Lights,SNOW
Northern Lights,SNOWY_MOUNTAIN
Northern Lights,STRUCTURE
Northern Lights,TREE
Northern Lights,TREES
Northern Lights,WINTER
Winter Evergreens,CIRRUS
Winter Evergreens,CLOUDS
Winter Evergreens,CONIFER
Winter Evergreens,MOUNTAIN
Winter Evergreens,MOUNTAINS
Winter Evergreens,SNOW
Winter Evergreens,SNOWY_MOUNTAIN
Winter Evergreens,SUN
Winter Evergreens,TREE
Winter Evergreens,TREES
Winter Evergreens,WINTER
Surf'S Up,BEACH
Surf'S Up,CLIFF
Surf'S Up,CLOUDS
Surf'S Up,CUMULUS
Surf'S Up,OCEAN
Surf'S Up,ROCKS
Surf'S Up,WAVES
Red Sunset,BUSHES
Red Sunset,CLOUDS
Red Sunset,CONIFER
Red Sunset,LAKE
Red Sunset,TREE
Red Sunset,TREES
Meadow Road,BUSHES
Meadow Road,CLOUDS
Meadow Road,CONIFER
Meadow Road,CUMULUS
Meadow Road,DECIDUOUS
Meadow Road,GRASS
Meadow Road,MOUNTAIN
Meadow Road,MOUNTAINS
Meadow Road,PATH
Meadow Road,SNOWY_MOUNTAIN
Meadow Road,TREE
Meadow Road,TREES
Winter Oval,BUSHES
Winter Oval,CABIN
Winter Oval,CONIFER
Winter Oval,FOG
Winter Oval,FRAMED
Winter Oval,MOUNTAIN
Winter Oval,OVAL_FRAME
Winter Oval,RIVER
Winter Oval,SNOWY_MOUNTAIN
Winter Oval,STRUCTURE
Winter Oval,TREE
Winter Oval,TREES
Secluded Beach,BEACH
Secluded Beach,CLOUDS
Secluded Beach,CUMULUS
Secluded Beach,OCEAN
Secluded Beach,ROCKS
Secluded Beach,WAVES
Forest Hills,BUSHES
Forest Hills,CONIFER
Forest Hills,DECIDUOUS
Forest Hills,MOUNTAIN
Forest Hills,MOUNTAINS
Forest Hills,RIVER
Forest Hills,ROCKS
Forest Hills,SNOWY_MOUNTAIN
Forest Hills,TREE
Forest Hills,TREES
Little House By-The-Road,CABIN
Little House By-The-Road,DECIDUOUS
Little House By-The-Road,FENCE
Little House By-The-Road,MOUNTAIN
Little House By-The-Road,PATH
Little House By-The-Road,STRUCTURE
Little House By-The-Road,TREE
Little House By-The-Road,TREES
Mountain Path,BUSHES
Mountain Path,CLOUDS
Mountain Path,MOUNTAIN
Mountain Path,RIVER
Mountain Path,SNOWY_MOUNTAIN
Mountain Path,TREE
Mountain Path,TREES
Country Charm,
Nature'S Paradise,BUSHES
Nature'S Paradise,CLOUDS
Nature'S Paradise,CUMULUS
Nature'S Paradise,DECIDUOUS
Nature'S Paradise,GRASS
Nature'S Paradise,MOUNTAIN
Nature'S Paradise,MOUNTAINS
Nature'S Paradise,RIVER
Nature'S Paradise,TREE
Nature'S Paradise,TREES
Mountain-By-The-Sea,BEACH
Mountain-By-The-Sea,BUSHES
Mountain-By-The-Sea,CLOUDS
Mountain-By-The-Sea,CUMULUS
Mountain-By-The-Sea,DECIDUOUS
Mountain-By-The-Sea,MOUNTAIN
Mountain-By-The-Sea,OCEAN
Mountain-By-The-Sea,SNOWY_MOUNTAIN
Mountain-By-The-Sea,TREE
Mountain-By-The-Sea,WAVES
Mountain Hide-Away,CIRRUS
Mountain Hide-Away,CLOUDS
Mountain Hide-Away,CONIFER
Mountain Hide-Away,DECIDUOUS
Mountain Hide-Away,GRASS
Mountain Hide-Away,MOUNTAIN
Mountain Hide-Away,MOUNTAINS
Mountain Hide-Away,RIVER
Mountain Hide-Away,SNOWY_MOUNTAIN
Mountain Hide-Away,TREE
Mountain Hide-Away,TREES
Towering Peaks,BUSHES
Towering Peaks,CLOUDS
Towering Peaks,CONIFER
Towering Peaks,CUMULUS
Towering Peaks,DECIDUOUS
Towering Peaks,HILLS
Towering Peaks,LAKE
Towering Peaks,MOUNTAIN
Towering Peaks,SNOWY_MOUNTAIN
Towering Peaks,TREE
Towering Peaks,TREES
Cabin At Sunset,CABIN
Cabin At Sunset,CLOUDS
Cabin At Sunset,CONIFER
Cabin At Sunset,FENCE
Cabin At Sunset,GRASS
Cabin At Sunset,STRUCTURE
Cabin At Sunset,TREE
Cabin At Sunset,TREES
Twin Falls,CLOUDS
Twin Falls,CONIFER
Twin Falls,DECIDUOUS
Twin Falls,GRASS
Twin Falls,HILLS
Twin Falls,RIVER
Twin Falls,ROCKS
Twin Falls,TREE
Twin Falls,TREES
Twin Falls,WATERFALL
Secluded Bridge,BRIDGE
Secluded Bridge,DECIDUOUS
Secluded Bridge,RIVER
Secluded Bridge,ROCKS
Secluded Bridge,STRUCTURE
Secluded Bridge,TREE
Secluded Bridge,TREES
Ocean Breeze,CLOUDS
Ocean Breeze,CUMULUS
Ocean Breeze,OCEAN
Ocean Breeze,ROCKS
Ocean Breeze,WAVES
Autumn Woods,BUSHES
Autumn Woods,CLOUDS
Autumn Woods,CONIFER
Autumn Woods,CUMULUS
Autumn Woods,DECIDUOUS
Autumn Woods,LAKE
Autumn Woods,MOUNTAIN
Autumn Woods,MOUNTAINS
Autumn Woods,SNOWY_MOUNTAIN
Autumn Woods,TREE
Autumn Woods,TREES
Winter Solitude,BUSHES
Winter Solitude,DECIDUOUS
Winter Solitude,SNOW
Winter Solitude,TREE
Winter Solitude,TREES
Winter Solitude,WINTER
Golden Sunset,DECIDUOUS
Golden Sunset,LAKE
Golden Sunset,SNOW
Golden Sunset,SUN
Golden Sunset,TREE
Golden Sunset,TREES
Mountain Oval,BUSHES
Mountain Oval,CIRRUS
Mountain Oval,CLOUDS
Mountain Oval,CONIFER
Mountain Oval,DECIDUOUS
Mountain Oval,FRAMED
Mountain Oval,GUEST
Mountain Oval,LAKE
Mountain Oval,MOUNTAIN
Mountain Oval,MOUNTAINS
Mountain Oval,OVAL_FRAME
Mountain Oval,SNOWY_MOUNTAIN
Mountain Oval,STEVE_ROSS
Mountain Oval,TREE
Mountain Oval,TREES
Ocean Sunset,BEACH
Ocean Sunset,CLOUDS
Ocean Sunset,OCEAN
Ocean Sunset,ROCKS
Ocean Sunset,WAVES
Triple View,CABIN
Triple View,CONIFER
Triple View,DECIDUOUS
Triple View,FRAMED
Triple View,GRASS
Triple View,MOUNTAIN
Triple View,MOUNTAINS
Triple View,PATH
Triple View,SNOWY_MOUNTAIN
Triple View,STRUCTURE
Triple View,TREE
Triple View,TREES
Triple View,TRIPLE_FRAME
Winter Frost,CLOUDS
Winter Frost,CONIFER
Winter Frost,DECIDUOUS
Winter Frost,MOUNTAIN
Winter Frost,MOUNTAINS
Winter Frost,SNOW
Winter Frost,SNOWY_MOUNTAIN
Winter Frost,SUN
Winter Frost,TREE
Winter Frost,TREES
Winter Frost,WINTER
Lakeside Cabin,CABIN
Lakeside Cabin,CLOUDS
Lakeside Cabin,CUMULUS
Lakeside Cabin,DECIDUOUS
Lakeside Cabin,GRASS
Lakeside Cabin,LAKE
Lakeside Cabin,PATH
Lakeside Cabin,ROCKS
Lakeside Cabin,STRUCTURE
Lakeside Cabin,TREE
Lakeside Cabin,TREES
Mountain Stream,CONIFER
Mountain Stream,GRASS
Mountain Stream,MOUNTAIN
Mountain Stream,RIVER
Mountain Stream,SNOWY_MOUNTAIN
Mountain Stream,TREE
Mountain Stream,TREES
Country Cabin,BUSHES
Country Cabin,CABIN
Country Cabin,CLOUDS
Country Cabin,CONIFER
Country Cabin,DECIDUOUS
Country Cabin,SNOW
Country Cabin,STRUCTURE
Country Cabin,TREE
Country Cabin,TREES
Country Cabin,WINTER
Daisy Delight,CONIFER
Daisy Delight,FENCE
Daisy Delight,FLOWERS
Daisy Delight,TREE
Daisy Delight,TREES
Hidden Stream,BUSHES
Hidden Stream,CLOUDS
Hidden Stream,DECIDUOUS
Hidden Stream,RIVER
Hidden Stream,TREE
Hidden Stream,TREES
Hidden Stream,WATERFALL
Towering Glacier,CLOUDS
Towering Glacier,CONIFER
Towering Glacier,CUMULUS
Towering Glacier,GRASS
Towering Glacier,MOUNTAIN
Towering Glacier,RIVER
Towering Glacier,ROCKS
Towering Glacier,SNOWY_MOUNTAIN
Towering Glacier,TREE
Towering Glacier,TREES
Towering Glacier,WATERFALL
Oval Barn,BARN
Oval Barn,BUSHES
Oval Barn,CLOUDS
Oval Barn,CUMULUS
Oval Barn,DECIDUOUS
Oval Barn,FRAMED
Oval Barn,OVAL_FRAME
Oval Barn,SNOW
Oval Barn,STRUCTURE
Oval Barn,TREE
Oval Barn,TREES
Oval Barn,WINTER
Lakeside Path,BUSHES
Lakeside Path,CLOUDS
Lakeside Path,CONIFER
Lakeside Path,CUMULUS
Lakeside Path,DECIDUOUS
Lakeside Path,GRASS
Lakeside Path,LAKE
Lakeside Path,PATH
Lakeside Path,ROCKS
Lakeside Path,TREE
Lakeside Path,TREES
Sunset Oval,BUSHES
Sunset Oval,CLOUDS
Sunset Oval,CONIFER
Sunset Oval,CUMULUS
Sunset Oval,DECIDUOUS
Sunset Oval,FRAMED
Sunset Oval,LAKE
Sunset Oval,MOUNTAIN
Sunset Oval,OVAL_FRAME
Sunset Oval,SNOWY_MOUNTAIN
Sunset Oval,TREE
Sunset Oval,TREES
Winter Barn,BARN
Winter Barn,CIRRUS
Winter Barn,CLOUDS
Winter Barn,DECIDUOUS
Winter Barn,SNOW
Winter Barn,STRUCTURE
Winter Barn,TREE
Winter Barn,TREES
Winter Barn,WINTER
Sunset Over The Waves,BEACH
Sunset Over The Waves,CLOUDS
Sunset Over The Waves,OCEAN
Sunset Over The Waves,ROCKS
Sunset Over The Waves,SUN
Sunset Over The Waves,WAVES
Golden Glow,CLOUDS
Golden Glow,CONIFER
Golden Glow,LAKE
Golden Glow,SNOW
Golden Glow,TREE
Golden Glow,TREES
Golden Glow,WATERFALL
Roadside Barn,BARN
Roadside Barn,CLOUDS
Roadside Barn,CUMULUS
Roadside Barn,DECIDUOUS
Roadside Barn,FENCE
Roadside Barn,LAKE
Roadside Barn,PATH
Roadside Barn,STRUCTURE
Roadside Barn,TREE
Roadside Barn,TREES
Happy Accident,BUSHES
Happy Accident,DECIDUOUS
Happy Accident,GRASS
Happy Accident,RIVER
Happy Accident,ROCKS
Happy Accident,TREE
Happy Accident,TREES
Golden Knoll,CABIN
Golden Knoll,DECIDUOUS
Golden Knoll,FOG
Golden Knoll,GRASS
Golden Knoll,STRUCTURE
Golden Knoll,SUN
Golden Knoll,TREE
Mountain Reflections,BUSHES
Mountain Reflections,CLOUDS
Mountain Reflections,CONIFER
Mountain Reflections,CUMULUS
Mountain Reflections,MOUNTAIN
Mountain Reflections,MOUNTAINS
Mountain Reflections,RIVER
Mountain Reflections,ROCKS
Mountain Reflections,SNOWY_MOUNTAIN
Mountain Reflections,TREE
Mountain Reflections,TREES
Secluded Mountain,CLOUDS
Secluded Mountain,CONIFER
Secluded Mountain,CUMULUS
Secluded Mountain,DECIDUOUS
Secluded Mountain,GRASS
Secluded Mountain,LAKE
Secluded Mountain,MOUNTAIN
Secluded Mountain,ROCKS
Secluded Mountain,TREE
Secluded Mountain,TREES
Bright Autumn Trees,BUSHES
Bright Autumn Trees,DECIDUOUS
Bright Autumn Trees,PATH
Bright Autumn Trees,RIVER
Bright Autumn Trees,TREE
Bright Autumn Trees,TREES
Black Seascape,BEACH
Black Seascape,CLOUDS
Black Seascape,CUMULUS
Black Seascape,NIGHT
Black Seascape,OCEAN
Black Seascape,ROCKS
Black Seascape,WAVES
Steep Mountains,BUSHES
Steep Mountains,CABIN
Steep Mountains,CIRRUS
Steep Mountains,CLOUDS
Steep Mountains,CONIFER
Steep Mountains,DECIDUOUS
Steep Mountains,GRASS
Steep Mountains,LAKE
Steep Mountains,MOUNTAIN
Steep Mountains,MOUNTAINS
Steep Mountains,STRUCTURE
Steep Mountains,TREE
Steep Mountains,TREES
Quiet Mountain River,BUSHES
Quiet Mountain River,CLOUDS
Quiet Mountain River,CONIFER
Quiet Mountain River,CUMULUS
Quiet Mountain River,DECIDUOUS
Quiet Mountain River,GRASS
Quiet Mountain River,MOUNTAIN
Quiet Mountain River,RIVER
Quiet Mountain River,SNOWY_MOUNTAIN
Quiet Mountain River,TREE
Quiet Mountain River,TREES
Evening Waterfall,CONIFER
Evening Waterfall,GRASS
Evening Waterfall,RIVER
Evening Waterfall,TREE
Evening Waterfall,TREES
Evening Waterfall,WATERFALL
Tropical Seascape,BEACH
Tropical Seascape,CIRRUS
Tropical Seascape,CLOUDS
Tropical Seascape,OCEAN
Tropical Seascape,PALM_TREES
Tropical Seascape,WAVES
Mountain At Sunset,BUSHES
Mountain At Sunset,CLOUDS
Mountain At Sunset,CONIFER
Mountain At Sunset,DECIDUOUS
Mountain At Sunset,GRASS
Mountain At Sunset,MOUNTAIN
Mountain At Sunset,RIVER
Mountain At Sunset,SNOWY_MOUNTAIN
Mountain At Sunset,TREE
Mountain At Sunset,TREES
Soft Mountain Glow,BUSHES
Soft Mountain Glow,CONIFER
Soft Mountain Glow,GRASS
Soft Mountain Glow,MOUNTAIN
Soft Mountain Glow,RIVER
Soft Mountain Glow,SNOWY_MOUNTAIN
Soft Mountain Glow,TREE
Soft Mountain Glow,TREES
Mountain In An Oval,BUSHES
Mountain In An Oval,CLOUDS
Mountain In An Oval,CONIFER
Mountain In An Oval,CUMULUS
Mountain In An Oval,DECIDUOUS
Mountain In An Oval,FRAMED
Mountain In An Oval,GRASS
Mountain In An Oval,MOUNTAIN
Mountain In An Oval,MOUNTAINS
Mountain In An Oval,OVAL_FRAME
Mountain In An Oval,RIVER
Mountain In An Oval,SUN
Mountain In An Oval,TREE
Mountain In An Oval,TREES
Winter Mountain,CONIFER
Winter Mountain,MOUNTAIN
Winter Mountain,MOUNTAINS
Winter Mountain,RIVER
Winter Mountain,SNOW
Winter Mountain,SNOWY_MOUNTAIN
Winter Mountain,TREE
Winter Mountain,TREES
Winter Mountain,WINTER
Rolling Hills,BUSHES
Rolling Hills,DECIDUOUS
Rolling Hills,GRASS
Rolling Hills,HILLS
Rolling Hills,LAKE
Rolling Hills,TREE
Rolling Hills,TREES
Frozen Solitude,BUSHES
Frozen Solitude,CABIN
Frozen Solitude,CLOUDS
Frozen Solitude,CONIFER
Frozen Solitude,LAKE
Frozen Solitude,MOUNTAIN
Frozen Solitude,MOUNTAINS
Frozen Solitude,SNOW
Frozen Solitude,SNOWY_MOUNTAIN
Frozen Solitude,STRUCTURE
Frozen Solitude,TREE
Frozen Solitude,TREES
Frozen Solitude,WINTER
Meadow Brook,CIRRUS
Meadow Brook,CLOUDS
Meadow Brook,DECIDUOUS
Meadow Brook,FRAMED
Meadow Brook,GRASS
Meadow Brook,MOUNTAIN
Meadow Brook,OVAL_FRAME
Meadow Brook,RIVER
Meadow Brook,TREE
Meadow Brook,TREES
Evening At Sunset,BUSHES
Evening At Sunset,CABIN
Evening At Sunset,CIRRUS
Evening At Sunset,CLOUDS
Evening At Sunset,CONIFER
Evening At Sunset,DECIDUOUS
Evening At Sunset,RIVER
Evening At Sunset,ROCKS
Evening At Sunset,STRUCTURE
Evening At Sunset,TREE
Evening At Sunset,TREES
Mountain View,CLOUDS
Mountain View,DECIDUOUS
Mountain View,GRASS
Mountain View,MOUNTAIN
Mountain View,MOUNTAINS
Mountain View,RIVER
Mountain View,ROCKS
Mountain View,TREE
Mountain View,TREES
Hidden Creek,DECIDUOUS
Hidden Creek,GRASS
Hidden Creek,RIVER
Hidden Creek,TREE
Hidden Creek,TREES
Peaceful Haven,CLOUDS
Peaceful Haven,CONIFER
Peaceful Haven,CUMULUS
Peaceful Haven,PATH
Peaceful Haven,RIVER
Peaceful Haven,TREE
Peaceful Haven,TREES
Mountain Exhibition,CLOUDS
Mountain Exhibition,CONIFER
Mountain Exhibition,CUMULUS
Mountain Exhibition,GRASS
Mountain Exhibition,MOUNTAIN
Mountain Exhibition,MOUNTAINS
Mountain Exhibition,RIVER
Mountain Exhibition,SNOWY_MOUNTAIN
Mountain Exhibition,TREE
Mountain Exhibition,TREES
Emerald Waters,BUSHES
Emerald Waters,DECIDUOUS
Emerald Waters,LAKE
Emerald Waters,TREE
Emerald Waters,TREES
Mountain Summit,BUSHES
Mountain Summit,CLOUDS
Mountain Summit,CONIFER
Mountain Summit,CUMULUS
Mountain Summit,DECIDUOUS
Mountain Summit,MOUNTAIN
Mountain Summit,RIVER
Mountain Summit,SNOWY_MOUNTAIN
Mountain Summit,TREE
Mountain Summit,TREES
Cabin Hideaway,CABIN
Cabin Hideaway,CONIFER
Cabin Hideaway,DECIDUOUS
Cabin Hideaway,LAKE
Cabin Hideaway,MOUNTAIN
Cabin Hideaway,MOUNTAINS
Cabin Hideaway,SNOW
Cabin Hideaway,STRUCTURE
Cabin Hideaway,TREE
Cabin Hideaway,TREES
Cabin Hideaway,WINTER
Oval Essence,CLOUDS
Oval Essence,CONIFER
Oval Essence,FRAMED
Oval Essence,NIGHT
Oval Essence,OCEAN
Oval Essence,OVAL_FRAME
Oval Essence,ROCKS
Oval Essence,TREE
Oval Essence,TREES
Oval Essence,WAVES
Lost Lake,CONIFER
Lost Lake,GRASS
Lost Lake,LAKE
Lost Lake,MOUNTAIN
Lost Lake,MOUNTAINS
Lost Lake,PATH
Lost Lake,SNOWY_MOUNTAIN
Lost Lake,TREE
Lost Lake,TREES
Distant Mountains,BUSHES
Distant Mountains,CLOUDS
Distant Mountains,CONIFER
Distant Mountains,CUMULUS
Distant Mountains,LAKE
Distant Mountains,MOUNTAIN
Distant Mountains,MOUNTAINS
Distant Mountains,PATH
Distant Mountains,SNOWY_MOUNTAIN
Distant Mountains,TREE
Distant Mountains,TREES
Meadow Brook Surprise,CONIFER
Meadow Brook Surprise,GRASS
Meadow Brook Surprise,RIVER
Meadow Brook Surprise,TREE
Meadow Brook Surprise,TREES
Mountain Moonlight Oval,CONIFER
Mountain Moonlight Oval,DECIDUOUS
Mountain Moonlight Oval,FRAMED
Mountain Moonlight Oval,GRASS
Mountain Moonlight Oval,MOUNTAIN
Mountain Moonlight Oval,MOUNTAINS
Mountain Moonlight Oval,NIGHT
Mountain Moonlight Oval,OVAL_FRAME
Mountain Moonlight Oval,TREE
Mountain Moonlight Oval,TREES
Snowy Solitude,CIRRUS
Snowy Solitude,CLOUDS
Snowy Solitude,DECIDUOUS
Snowy Solitude,FENCE
Snowy Solitude,SNOW
Snowy Solitude,TREE
Snowy Solitude,TREES
Snowy Solitude,WINTER
Mountain River,BUSHES
Mountain River,CLOUDS
Mountain River,CONIFER
Mountain River,CUMULUS
Mountain River,FOG
Mountain River,FRAMED
Mountain River,MOUNTAIN
Mountain River,MOUNTAINS
Mountain River,RIVER
Mountain River,ROCKS
Mountain River,TOMB_FRAME
Mountain River,TREE
Mountain River,TREES
Graceful Mountains,CIRRUS
Graceful Mountains,CLOUDS
Graceful Mountains,CONIFER
Graceful Mountains,DECIDUOUS
Graceful Mountains,MOUNTAIN
Graceful Mountains,MOUNTAINS
Graceful Mountains,RIVER
Graceful Mountains,SNOWY_MOUNTAIN
Graceful Mountains,TREE
Graceful Mountains,TREES
Windy Waves,BEACH
Windy Waves,CLOUDS
Windy Waves,CUMULUS
Windy Waves,GRASS
Windy Waves,OCEAN
Windy Waves,PALM_TREES
Windy Waves,WAVES
On A Clear Day,CONIFER
On A Clear Day,MOUNTAIN
On A Clear Day,RIVER
On A Clear Day,SNOW
On A Clear Day,SNOWY_MOUNTAIN
On A Clear Day,SUN
On A Clear Day,TREE
On A Clear Day,TREES
On A Clear Day,WINTER
Riverside Escape Oval,CLOUDS
Riverside Escape Oval,CUMULUS
Riverside Escape Oval,DECIDUOUS
Riverside Escape Oval,FRAMED
Riverside Escape Oval,OVAL_FRAME
Riverside Escape Oval,PATH
Riverside Escape Oval,RIVER
Riverside Escape Oval,TREE
Riverside Escape Oval,TREES
Surprising Falls,CIRRUS
Surprising Falls,CLOUDS
Surprising Falls,DECIDUOUS
Surprising Falls,GUEST
Surprising Falls,LAKE
Surprising Falls,MOUNTAIN
Surprising Falls,MOUNTAINS
Surprising Falls,SNOWY_MOUNTAIN
Surprising Falls,STEVE_ROSS
Surprising Falls,TREE
Surprising Falls,WATERFALL
Shadow Pond,DECIDUOUS
Shadow Pond,GRASS
Shadow Pond,LAKE
Shadow Pond,TREE
Shadow Pond,TREES
Misty Forest Oval,CLOUDS
Misty Forest Oval,DECIDUOUS
Misty Forest Oval,FOG
Misty Forest Oval,FRAMED
Misty Forest Oval,GRASS
Misty Forest Oval,OVAL_FRAME
Misty Forest Oval,TREE
Misty Forest Oval,TREES
Natural Wonder,CLOUDS
Natural Wonder,CONIFER
Natural Wonder,CUMULUS
Natural Wonder,DECIDUOUS
Natural Wonder,GRASS
Natural Wonder,LAKE
Natural Wonder,MOUNTAIN
Natural Wonder,SNOWY_MOUNTAIN
Natural Wonder,TREE
Natural Wonder,TREES
Splendor Of Winter,BUSHES
Splendor Of Winter,CIRRUS
Splendor Of Winter,CLOUDS
Splendor Of Winter,CONIFER
Splendor Of Winter,DECIDUOUS
Splendor Of Winter,SNOW
Splendor Of Winter,SUN
Splendor Of Winter,TREE
Splendor Of Winter,TREES
Splendor Of Winter,WINTER
Colors Of Nature,CLOUDS
Colors Of Nature,CUMULUS
Colors Of Nature,DECIDUOUS
Colors Of Nature,GRASS
Colors Of Nature,RIVER
Colors Of Nature,TREE
Colors Of Nature,TREES
Grandpa'S Barn,BARN
Grandpa'S Barn,DECIDUOUS
Grandpa'S Barn,FENCE
Grandpa'S Barn,GRASS
Grandpa'S Barn,PATH
Grandpa'S Barn,STRUCTURE
Grandpa'S Barn,TREE
Grandpa'S Barn,TREES
Peaceful Reflections,
Hidden Winter Moon Oval,CABIN
Hidden Winter Moon Oval,CIRRUS
Hidden Winter Moon Oval,CLOUDS
Hidden Winter Moon Oval,CONIFER
Hidden Winter Moon Oval,FRAMED
Hidden Winter Moon Oval,LAKE
Hidden Winter Moon Oval,MOUNTAIN
Hidden Winter Moon Oval,MOUNTAINS
Hidden Winter Moon Oval,OVAL_FRAME
Hidden Winter Moon Oval,SNOWY_MOUNTAIN
Hidden Winter Moon Oval,STRUCTURE
Hidden Winter Moon Oval,TREE
Hidden Winter Moon Oval,TREES
Hidden Winter Moon Oval,WINTER
Waves Of Wonder,BEACH
Waves Of Wonder,CLOUDS
Waves Of Wonder,CUMULUS
Waves Of Wonder,OCEAN
Waves Of Wonder,ROCKS
Waves Of Wonder,WAVES
Cabin By The Pond,CABIN
Cabin By The Pond,CLOUDS
Cabin By The Pond,CONIFER
Cabin By The Pond,DECIDUOUS
Cabin By The Pond,GRASS
Cabin By The Pond,LAKE
Cabin By The Pond,STRUCTURE
Cabin By The Pond,TREE
Cabin By The Pond,TREES
Fall Stream,CLOUDS
Fall Stream,CUMULUS
Fall Stream,DECIDUOUS
Fall Stream,GRASS
Fall Stream,MOUNTAIN
Fall Stream,MOUNTAINS
Fall Stream,RIVER
Fall Stream,ROCKS
Fall Stream,TREE
Fall Stream,TREES
Christmas Eve Snow,CABIN
Christmas Eve Snow,CLOUDS
Christmas Eve Snow,CONIFER
Christmas Eve Snow,CUMULUS
Christmas Eve Snow,MOUNTAIN
Christmas Eve Snow,MOUNTAINS
Christmas Eve Snow,SNOW
Christmas Eve Snow,SNOWY_MOUNTAIN
Christmas Eve Snow,STRUCTURE
Christmas Eve Snow,TREE
Christmas Eve Snow,TREES
Christmas Eve Snow,WINTER
Forest Dawn Oval,BUSHES
Forest Dawn Oval,DECIDUOUS
Forest Dawn Oval,FRAMED
Forest Dawn Oval,GRASS
Forest Dawn Oval,OVAL_FRAME
Forest Dawn Oval,PATH
Forest Dawn Oval,TREE
Forest Dawn Oval,TREES
Pathway To Autumn,CABIN
Pathway To Autumn,DECIDUOUS
Pathway To Autumn,GRASS
Pathway To Autumn,PATH
Pathway To Autumn,STRUCTURE
Pathway To Autumn,TREE
Pathway To Autumn,TREES
Deep Forest Lake,DECIDUOUS
Deep Forest Lake,LAKE
Deep Forest Lake,ROCKS
Deep Forest Lake,TREE
Deep Forest Lake,TREES
Peaks Of Majesty,CIRRUS
Peaks Of Majesty,CLOUDS
Peaks Of Majesty,CONIFER
Peaks Of Majesty,GRASS
Peaks Of Majesty,LAKE
Peaks Of Majesty,MOUNTAIN
Peaks Of Majesty,MOUNTAINS
Peaks Of Majesty,TREE
Peaks Of Majesty,TREES
Two Seasons,CLOUDS
Two Seasons,CONIFER
Two Seasons,CUMULUS
Two Seasons,DECIDUOUS
Two Seasons,FOG
Two Seasons,LAKE
Two Seasons,MOUNTAIN
Two Seasons,SNOWY_MOUNTAIN
Two Seasons,TREE
Two Seasons,TREES
Nestled Cabin,CABIN
Nestled Cabin,DECIDUOUS
Nestled Cabin,GRASS
Nestled Cabin,PATH
Nestled Cabin,STRUCTURE
Nestled Cabin,TREE
Nestled Cabin,TREES
Wintertime Discovery,CABIN
Wintertime Discovery,CLOUDS
Wintertime Discovery,CONIFER
Wintertime Discovery,DECIDUOUS
Wintertime Discovery,SNOW
Wintertime Discovery,STRUCTURE
Wintertime Discovery,TREE
Wintertime Discovery,TREES
Wintertime Discovery,WINTER
Mountain Mirage,BUSHES
Mountain Mirage,CLOUDS
Mountain Mirage,CONIFER
Mountain Mirage,CUMULUS
Mountain Mirage,FOG
Mountain Mirage,SNOW
Mountain Mirage,TREE
Mountain Mirage,TREES
Mountain Mirage,WINTER
Double Oval Fantasy,BUSHES
Double Oval Fantasy,CLOUDS
Double Oval Fantasy,CONIFER
Double Oval Fantasy,CUMULUS
Double Oval Fantasy,DOUBLE_OVAL_FRAME
Double Oval Fantasy,FRAMED
Double Oval Fantasy,LAKE
Double Oval Fantasy,MOUNTAIN
Double Oval Fantasy,MOUNTAINS
Double Oval Fantasy,SNOWY_MOUNTAIN
Double Oval Fantasy,TREE
Double Oval Fantasy,TREES
Contemplative Lady,GUEST
Contemplative Lady,PORTRAIT
Deep Woods,CONIFER
Deep Woods,RIVER
Deep Woods,ROCKS
Deep Woods,TREE
Deep Woods,TREES
Deep Woods,WATERFALL
High Tide,BEACH
High Tide,CLOUDS
High Tide,OCEAN
High Tide,PALM_TREES
High Tide,WAVES
Barn In Snow Oval,BARN
Barn In Snow Oval,CONIFER
Barn In Snow Oval,FENCE
Barn In Snow Oval,FRAMED
Barn In Snow Oval,OVAL_FRAME
Barn In Snow Oval,SNOW
Barn In Snow Oval,STRUCTURE
Barn In Snow Oval,TREE
Barn In Snow Oval,TREES
Barn In Snow Oval,WINTER
That Time Of Year,CLOUDS
That Time Of Year,DECIDUOUS
That Time Of Year,GUEST
That Time Of Year,HILLS
That Time Of Year,LAKE
That Time Of Year,STEVE_ROSS
That Time Of Year,TREE
That Time Of Year,TREES
Waterfall Wonder,BUSHES
Waterfall Wonder,DECIDUOUS
Waterfall Wonder,RIVER
Waterfall Wonder,ROCKS
Waterfall Wonder,TREE
Waterfall Wonder,TREES
Waterfall Wonder,WATERFALL
Mighty Mountain Lake,CLOUDS
Mighty Mountain Lake,CUMULUS
Mighty Mountain Lake,FLOWERS
Mighty Mountain Lake,GRASS
Mighty Mountain Lake,LAKE
Mighty Mountain Lake,MOUNTAIN
Mighty Mountain Lake,SNOWY_MOUNTAIN
Wooded Stream Oval,DECIDUOUS
Wooded Stream Oval,FRAMED
Wooded Stream Oval,OVAL_FRAME
Wooded Stream Oval,RIVER
Wooded Stream Oval,ROCKS
Wooded Stream Oval,TREE
Wooded Stream Oval,TREES
Golden Mist Oval,CONIFER
Golden Mist Oval,FOG
Golden Mist Oval,FRAMED
Golden Mist Oval,OVAL_FRAME
Golden Mist Oval,RIVER
Golden Mist Oval,TREE
Golden Mist Oval,TREES
The Old Home Place,CABIN
The Old Home Place,DECIDUOUS
The Old Home Place,FENCE
The Old Home Place,GRASS
The Old Home Place,PATH
The Old Home Place,STRUCTURE
The Old Home Place,TREE
Soothing Vista,DECIDUOUS
Soothing Vista,GRASS
Soothing Vista,LAKE
Soothing Vista,MOUNTAIN
Soothing Vista,MOUNTAINS
Soothing Vista,TREE
Soothing Vista,TREES
Stormy Seas,BEACH
Stormy Seas,CLOUDS
Stormy Seas,CUMULUS
Stormy Seas,OCEAN
Stormy Seas,ROCKS
Stormy Seas,SUN
Stormy Seas,WAVES
Country Time,CABIN
Country Time,DECIDUOUS
Country Time,FLOWERS
Country Time,FRAMED
Country Time,LAKE
Country Time,OVAL_FRAME
Country Time,STRUCTURE
Country Time,TREE
A Mild Winter'S Day,CLOUDS
A Mild Winter'S Day,CONIFER
A Mild Winter'S Day,DECIDUOUS
A Mild Winter'S Day,RIVER
A Mild Winter'S Day,SNOW
A Mild Winter'S Day,TREE
A Mild Winter'S Day,TREES
A Mild Winter'S Day,WINTER
Spectacular Waterfall,CONIFER
Spectacular Waterfall,MOUNTAIN
Spectacular Waterfall,MOUNTAINS
Spectacular Waterfall,RIVER
Spectacular Waterfall,ROCKS
Spectacular Waterfall,TREE
Spectacular Waterfall,TREES
Spectacular Waterfall,WATERFALL
View From The Park,APPLE_FRAME
View From The Park,BRIDGE
View From The Park,BUILDING
View From The Park,DECIDUOUS
View From The Park,FRAMED
View From The Park,LAKE
View From The Park,STRUCTURE
View From The Park,TREE
View From The Park,TREES
Lake View,CONIFER
Lake View,DECIDUOUS
Lake View,FLOWERS
Lake View,GRASS
Lake View,GUEST
Lake View,HILLS
Lake View,LAKE
Lake View,STEVE_ROSS
Lake View,TREE
Lake View,TREES
Old Country Mill,DECIDUOUS
Old Country Mill,MILL
Old Country Mill,RIVER
Old Country Mill,ROCKS
Old Country Mill,STRUCTURE
Old Country Mill,TREE
Old Country Mill,WATERFALL
Morning Walk,DECIDUOUS
Morning Walk,FOG
Morning Walk,PATH
Morning Walk,TREE
Morning Walk,TREES
Nature'S Splendor,CONIFER
Nature'S Splendor,GRASS
Nature'S Splendor,MOUNTAIN
Nature'S Splendor,RIVER
Nature'S Splendor,SNOWY_MOUNTAIN
Nature'S Splendor,TREE
Nature'S Splendor,TREES
Mountain Beauty,CUMULUS
Mountain Beauty,FLOWERS
Mountain Beauty,GRASS
Mountain Beauty,GUEST
Mountain Beauty,HILLS
Mountain Beauty,LAKE
Mountain Beauty,MOUNTAIN
Mountain Beauty,SNOWY_MOUNTAIN
Mountain Beauty,TREE
Mountain Beauty,TREES
Half-Oval Vignette,BUSHES
Half-Oval Vignette,CLOUDS
Half-Oval Vignette,CONIFER
Half-Oval Vignette,CUMULUS
Half-Oval Vignette,FRAMED
Half-Oval Vignette,HALF_OVAL_FRAME
Half-Oval Vignette,LAKE
Half-Oval Vignette,MOUNTAIN
Half-Oval Vignette,MOUNTAINS
Half-Oval Vignette,TREE
Half-Oval Vignette,TREES
Absolutely Autumn,BUSHES
Absolutely Autumn,CLOUDS
Absolutely Autumn,CUMULUS
Absolutely Autumn,DECIDUOUS
Absolutely Autumn,GRASS
Absolutely Autumn,RIVER
Absolutely Autumn,TREE
Absolutely Autumn,TREES
Mountain Seclusion,CABIN
Mountain Seclusion,CLOUDS
Mountain Seclusion,CONIFER
Mountain Seclusion,MOUNTAIN
Mountain Seclusion,MOUNTAINS
Mountain Seclusion,RIVER
Mountain Seclusion,SNOW
Mountain Seclusion,STRUCTURE
Mountain Seclusion,TREE
Mountain Seclusion,TREES
Mountain Seclusion,WINTER
Crimson Oval,DECIDUOUS
Crimson Oval,GRASS
Crimson Oval,RIVER
Crimson Oval,TREE
Crimson Oval,TREES
Crimson Oval,WATERFALL
Autumn Exhibition,DECIDUOUS
Autumn Exhibition,GRASS
Autumn Exhibition,LAKE
Autumn Exhibition,TREE
Autumn Exhibition,TREES
Majestic Peaks,BUSHES
Majestic Peaks,CONIFER
Majestic Peaks,LAKE
Majestic Peaks,MOUNTAIN
Majestic Peaks,MOUNTAINS
Majestic Peaks,SNOWY_MOUNTAIN
Majestic Peaks,TREE
Majestic Peaks,TREES
Golden Morning Mist,DECIDUOUS
Golden Morning Mist,FOG
Golden Morning Mist,GRASS
Golden Morning Mist,RIVER
Golden Morning Mist,TREE
Golden Morning Mist,TREES
Winter Lace,CLOUDS
Winter Lace,CUMULUS
Winter Lace,DECIDUOUS
Winter Lace,FRAMED
Winter Lace,HALF_CIRCLE_FRAME
Winter Lace,LAKE
Winter Lace,SNOW
Winter Lace,TREE
Winter Lace,TREES
Winter Lace,WINTER
Seascape Fantasy,BEACH
Seascape Fantasy,CIRRUS
Seascape Fantasy,CLOUDS
Seascape Fantasy,OCEAN
Seascape Fantasy,WAVES
Double Oval Stream,BUSHES
Double Oval Stream,DECIDUOUS
Double Oval Stream,FRAMED
Double Oval Stream,RIVER
Double Oval Stream,TREE
Double Oval Stream,TREES
Enchanted Forest,DECIDUOUS
Enchanted Forest,PATH
Enchanted Forest,TREE
Enchanted Forest,TREES
Southwest Serenity,CACTUS
Southwest Serenity,CIRRUS
Southwest Serenity,CLOUDS
Southwest Serenity,MOUNTAIN
Southwest Serenity,MOUNTAINS
Southwest Serenity,PATH
Rippling Waters,DECIDUOUS
Rippling Waters,RIVER
Rippling Waters,ROCKS
Rippling Waters,SUN
Rippling Waters,TREE
Rippling Waters,TREES
Rippling Waters,WATERFALL
Snowfall Magic,DECIDUOUS
Snowfall Magic,RIVER
Snowfall Magic,SNOW
Snowfall Magic,TREE
Snowfall Magic,TREES
Snowfall Magic,WINTER
Quiet Mountain Lake,CLOUDS
Quiet Mountain Lake,CUMULUS
Quiet Mountain Lake,DECIDUOUS
Quiet Mountain Lake,GRASS
Quiet Mountain Lake,LAKE
Quiet Mountain Lake,MOUNTAIN
Quiet Mountain Lake,TREE
Quiet Mountain Lake,TREES
Final Embers Of Sunlight,DECIDUOUS
Final Embers Of Sunlight,FRAMED
Final Embers Of Sunlight,OVAL_FRAME
Final Embers Of Sunlight,RIVER
Final Embers Of Sunlight,SUN
Final Embers Of Sunlight,TREE
Final Embers Of Sunlight,TREES
Snowy Morn,CABIN
Snowy Morn,CONIFER
Snowy Morn,SNOW
Snowy Morn,STRUCTURE
Snowy Morn,TREE
Snowy Morn,TREES
Snowy Morn,WINTER
Camper'S Haven,BUSHES
Camper'S Haven,CONIFER
Camper'S Haven,GRASS
Camper'S Haven,LAKE
Camper'S Haven,MOUNTAIN
Camper'S Haven,MOUNTAINS
Camper'S Haven,TREE
Camper'S Haven,TREES
Waterfall In The Woods,DECIDUOUS
Waterfall In The Woods,GRASS
Waterfall In The Woods,RIVER
Waterfall In The Woods,ROCKS
Waterfall In The Woods,TREE
Waterfall In The Woods,TREES
Waterfall In The Woods,WATERFALL
Covered Bridge Oval,BRIDGE
Covered Bridge Oval,CONIFER
Covered Bridge Oval,FENCE
Covered Bridge Oval,FRAMED
Covered Bridge Oval,OVAL_FRAME
Covered Bridge Oval,RIVER
Covered Bridge Oval,SNOW
Covered Bridge Oval,STRUCTURE
Covered Bridge Oval,TREE
Covered Bridge Oval,TREES
Covered Bridge Oval,WINTER
Scenic Seclusion,BUSHES
Scenic Seclusion,CONIFER
Scenic Seclusion,DECIDUOUS
Scenic Seclusion,GRASS
Scenic Seclusion,MOUNTAIN
Scenic Seclusion,RIVER
Scenic Seclusion,TREE
Scenic Seclusion,TREES
Scenic Seclusion,WATERFALL
Ebb Tide,BEACH
Ebb Tide,CLOUDS
Ebb Tide,CUMULUS
Ebb Tide,OCEAN
Ebb Tide,ROCKS
Ebb Tide,SUN
Ebb Tide,WAVES
After The Rain,DECIDUOUS
After The Rain,PATH
After The Rain,TREE
After The Rain,TREES
Winter'S Elegance,CLOUDS
Winter'S Elegance,CUMULUS
Winter'S Elegance,DECIDUOUS
Winter'S Elegance,LAKE
Winter'S Elegance,ROCKS
Winter'S Elegance,SNOW
Winter'S Elegance,TREE
Winter'S Elegance,TREES
Winter'S Elegance,WINTER
Evening'S Peace,BARN
Evening'S Peace,CONIFER
Evening'S Peace,DECIDUOUS
Evening'S Peace,FENCE
Evening'S Peace,MOON
Evening'S Peace,NIGHT
Evening'S Peace,SNOW
Evening'S Peace,STRUCTURE
Evening'S Peace,TREE
Evening'S Peace,TREES
Evening'S Peace,WINTER
Valley Of Tranquility,BUSHES
Valley Of Tranquility,CLOUDS
Valley Of Tranquility,CONIFER
Valley Of Tranquility,CUMULUS
Valley Of Tranquility,GRASS
Valley Of Tranquility,MOUNTAIN
Valley Of Tranquility,MOUNTAINS
Valley Of Tranquility,RIVER
Valley Of Tranquility,SNOWY_MOUNTAIN
Valley Of Tranquility,TREE
Valley Of Tranquility,TREES
Valley Of Tranquility,WATERFALL
Mystic Mountain,CLOUDS
Mystic Mountain,CONIFER
Mystic Mountain,CUMULUS
Mystic Mountain,DECIDUOUS
Mystic Mountain,LAKE
Mystic Mountain,MOUNTAIN
Mystic Mountain,SNOWY_MOUNTAIN
Mystic Mountain,TREE
Mystic Mountain,TREES
New Day'S Dawn,BARN
New Day'S Dawn,CONIFER
New Day'S Dawn,FENCE
New Day'S Dawn,GRASS
New Day'S Dawn,PATH
New Day'S Dawn,STRUCTURE
New Day'S Dawn,SUN
New Day'S Dawn,TREE
New Day'S Dawn,TREES
Pastel Winter,CONIFER
Pastel Winter,DECIDUOUS
Pastel Winter,MOUNTAIN
Pastel Winter,MOUNTAINS
Pastel Winter,SNOW
Pastel Winter,SNOWY_MOUNTAIN
Pastel Winter,TREE
Pastel Winter,TREES
Pastel Winter,WINTER
Hazy Day,DECIDUOUS
Hazy Day,FOG
Hazy Day,FRAMED
Hazy Day,OVAL_FRAME
Hazy Day,RIVER
Hazy Day,ROCKS
Hazy Day,TREE
Hazy Day,TREES
Divine Elegance,CLOUDS
Divine Elegance,CONIFER
Divine Elegance,CUMULUS
Divine Elegance,LAKE
Divine Elegance,MOUNTAIN
Divine Elegance,MOUNTAINS
Divine Elegance,ROCKS
Divine Elegance,SNOWY_MOUNTAIN
Divine Elegance,TREE
Divine Elegance,TREES
Cliffside,BEACH
Cliffside,CLIFF
Cliffside,CLOUDS
Cliffside,OCEAN
Cliffside,ROCKS
Cliffside,WAVES
Autumn Fantasy,CIRRUS
Autumn Fantasy,CLOUDS
Autumn Fantasy,CONIFER
Autumn Fantasy,MOUNTAIN
Autumn Fantasy,MOUNTAINS
Autumn Fantasy,RIVER
Autumn Fantasy,SNOWY_MOUNTAIN
Autumn Fantasy,TREE
Autumn Fantasy,TREES
The Old Oak Tree,DECIDUOUS
The Old Oak Tree,GRASS
The Old Oak Tree,RIVER
The Old Oak Tree,TREE
Winter'S Paradise,CLOUDS
Winter'S Paradise,CONIFER
Winter'S Paradise,CUMULUS
Winter'S Paradise,MOUNTAIN
Winter'S Paradise,RIVER
Winter'S Paradise,SNOW
Winter'S Paradise,SNOWY_MOUNTAIN
Winter'S Paradise,TREE
Winter'S Paradise,TREES
Winter'S Paradise,WINTER
Days Gone By,BRIDGE
Days Gone By,BUSHES
Days Gone By,CABIN
Days Gone By,CONIFER
Days Gone By,DECIDUOUS
Days Gone By,PATH
Days Gone By,STRUCTURE
Days Gone By,TREE
Days Gone By,TREES
Change Of Seasons,DECIDUOUS
Change Of Seasons,MOUNTAIN
Change Of Seasons,MOUNTAINS
Change Of Seasons,RIVER
Change Of Seasons,SNOWY_MOUNTAIN
Change Of Seasons,TREE
Change Of Seasons,TREES
Hidden Delight,CABIN
Hidden Delight,CONIFER
Hidden Delight,DECIDUOUS
Hidden Delight,PATH
Hidden Delight,RIVER
Hidden Delight,SUN
Hidden Delight,TREE
Hidden Delight,TREES
Double Take,BUSHES
Double Take,CONIFER
Double Take,FOG
Double Take,LAKE
Double Take,MOUNTAIN
Double Take,MOUNTAINS
Double Take,SNOW
Double Take,SNOWY_MOUNTAIN
Double Take,TREE
Double Take,TREES
Double Take,WINTER
Valley View,CONIFER
Valley View,LAKE
Valley View,MOUNTAIN
Valley View,MOUNTAINS
Valley View,SNOWY_MOUNTAIN
Valley View,TREE
Valley View,TREES
Tranquil Dawn,CONIFER
Tranquil Dawn,DECIDUOUS
Tranquil Dawn,FOG
Tranquil Dawn,RIVER
Tranquil Dawn,SUN
Tranquil Dawn,TREE
Tranquil Dawn,TREES
Royal Majesty,CLOUDS
Royal Majesty,CONIFER
Royal Majesty,MOUNTAIN
Royal Majesty,MOUNTAINS
Royal Majesty,RIVER
Royal Majesty,ROCKS
Royal Majesty,SNOWY_MOUNTAIN
Royal Majesty,TREE
Royal Majesty,TREES
Royal Majesty,WATERFALL
Serenity,DECIDUOUS
Serenity,FLOWERS
Serenity,RIVER
Serenity,TREE
Serenity,TREES
Serenity,WATERFALL
Cabin At Trail'S End,CABIN
Cabin At Trail'S End,DECIDUOUS
Cabin At Trail'S End,FRAMED
Cabin At Trail'S End,OVAL_FRAME
Cabin At Trail'S End,PATH
Cabin At Trail'S End,STRUCTURE
Cabin At Trail'S End,TREE
Cabin At Trail'S End,TREES
Mountain Rhapsody,CONIFER
Mountain Rhapsody,LAKE
Mountain Rhapsody,MOUNTAIN
Mountain Rhapsody,SNOW
Mountain Rhapsody,SNOWY_MOUNTAIN
Mountain Rhapsody,TREE
Mountain Rhapsody,TREES
Mountain Rhapsody,WINTER
Wilderness Cabin,CABIN
Wilderness Cabin,CONIFER
Wilderness Cabin,LAKE
Wilderness Cabin,ROCKS
Wilderness Cabin,STRUCTURE
Wilderness Cabin,TREE
Wilderness Cabin,TREES
By The Sea,BEACH
By The Sea,CLIFF
By The Sea,CLOUDS
By The Sea,CUMULUS
By The Sea,DECIDUOUS
By The Sea,OCEAN
By The Sea,ROCKS
By The Sea,SUN
By The Sea,TREE
By The Sea,WAVES
Indian Summer,BUSHES
Indian Summer,CONIFER
Indian Summer,TREE
Indian Summer,TREES
Blue Winter,CLOUDS
Blue Winter,CONIFER
Blue Winter,CUMULUS
Blue Winter,MOUNTAIN
Blue Winter,MOUNTAINS
Blue Winter,RIVER
Blue Winter,SNOW
Blue Winter,SNOWY_MOUNTAIN
Blue Winter,TREE
Blue Winter,TREES
Blue Winter,WINTER
Desert Glow,CACTUS
Desert Glow,CLOUDS
Desert Glow,FRAMED
Desert Glow,MOUNTAIN
Desert Glow,OVAL_FRAME
Desert Glow,PATH
Lone Mountain,CONIFER
Lone Mountain,GRASS
Lone Mountain,LAKE
Lone Mountain,MOUNTAIN
Lone Mountain,SNOWY_MOUNTAIN
Lone Mountain,TREE
Lone Mountain,TREES
Florida'S Glory,BEACH
Florida'S Glory,FLORIDA_FRAME
Florida'S Glory,OCEAN
Florida'S Glory,PALM_TREES
Florida'S Glory,WAVES
Autumn Images,BUSHES
Autumn Images,CLOUDS
Autumn Images,CUMULUS
Autumn Images,DECIDUOUS
Autumn Images,FLOWERS
Autumn Images,RIVER
Autumn Images,TREE
Autumn Images,TREES
Hint Of Springtime,BUSHES
Hint Of Springtime,CONIFER
Hint Of Springtime,MOUNTAIN
Hint Of Springtime,MOUNTAINS
Hint Of Springtime,RIVER
Hint Of Springtime,SNOWY_MOUNTAIN
Hint Of Springtime,TREE
Hint Of Springtime,TREES
Hint Of Springtime,WATERFALL
Around The Bend,CONIFER
Around The Bend,FLOWERS
Around The Bend,RIVER
Around The Bend,ROCKS
Around The Bend,TREE
Around The Bend,TREES
Countryside Oval,CLOUDS
Countryside Oval,DECIDUOUS
Countryside Oval,FRAMED
Countryside Oval,GRASS
Countryside Oval,HILLS
Countryside Oval,OVAL_FRAME
Countryside Oval,RIVER
Countryside Oval,TREE
Countryside Oval,TREES
Russet Winter,BARN
Russet Winter,DECIDUOUS
Russet Winter,SNOW
Russet Winter,STRUCTURE
Russet Winter,TREE
Russet Winter,WINTER
Purple Haze,BUSHES
Purple Haze,DECIDUOUS
Purple Haze,GRASS
Purple Haze,RIVER
Purple Haze,TREE
Purple Haze,TREES
Purple Haze,WATERFALL
Dimensions,CONIFER
Dimensions,FRAMED
Dimensions,MOUNTAIN
Dimensions,MOUNTAINS
Dimensions,RECTANGLE_3D_FRAME
Dimensions,RIVER
Dimensions,SNOWY_MOUNTAIN
Dimensions,TREE
Dimensions,TREES
Deep Wilderness Home,CABIN
Deep Wilderness Home,CLIFF
Deep Wilderness Home,DECIDUOUS
Deep Wilderness Home,GRASS
Deep Wilderness Home,RIVER
Deep Wilderness Home,TREE
Deep Wilderness Home,TREES
Deep Wilderness Home,WATERFALL
Haven In The Valley,CABIN
Haven In The Valley,CONIFER
Haven In The Valley,FRAMED
Haven In The Valley,LAKE
Haven In The Valley,MOUNTAIN
Haven In The Valley,MOUNTAINS
Haven In The Valley,OVAL_FRAME
Haven In The Valley,PATH
Haven In The Valley,SNOWY_MOUNTAIN
Haven In The Valley,STRUCTURE
Haven In The Valley,TREE
Haven In The Valley,TREES
Wintertime Blues,CLOUDS
Wintertime Blues,CONIFER
Wintertime Blues,CUMULUS
Wintertime Blues,MOUNTAIN
Wintertime Blues,MOUNTAINS
Wintertime Blues,SNOW
Wintertime Blues,TREE
Wintertime Blues,TREES
Wintertime Blues,WINTER
Pastel Seascape,BEACH
Pastel Seascape,CLOUDS
Pastel Seascape,FRAMED
Pastel Seascape,OCEAN
Pastel Seascape,OVAL_FRAME
Pastel Seascape,SUN
Pastel Seascape,WAVES
Country Creek,CONIFER
Country Creek,RIVER
Country Creek,ROCKS
Country Creek,TREE
Country Creek,TREES
Silent Forest,CONIFER
Silent Forest,GRASS
Silent Forest,RIVER
Silent Forest,TREE
Silent Forest,TREES
Frosty Winter Morn,CABIN
Frosty Winter Morn,CONIFER
Frosty Winter Morn,DECIDUOUS
Frosty Winter Morn,FENCE
Frosty Winter Morn,HILLS
Frosty Winter Morn,SNOW
Frosty Winter Morn,TREE
Frosty Winter Morn,TREES
Frosty Winter Morn,WINTER
Forest Edge,BUSHES
Forest Edge,DECIDUOUS
Forest Edge,GRASS
Forest Edge,PATH
Forest Edge,TREE
Forest Edge,TREES
Mountain Ridge Lake,CLOUDS
Mountain Ridge Lake,CONIFER
Mountain Ridge Lake,CUMULUS
Mountain Ridge Lake,GRASS
Mountain Ridge Lake,LAKE
Mountain Ridge Lake,MOUNTAIN
Mountain Ridge Lake,MOUNTAINS
Mountain Ridge Lake,TREE
Reflections Of Gold,CLOUDS
Reflections Of Gold,DECIDUOUS
Reflections Of Gold,FRAMED
Reflections Of Gold,OVAL_FRAME
Reflections Of Gold,RIVER
Reflections Of Gold,SNOW
Reflections Of Gold,SUN
Reflections Of Gold,TREE
Reflections Of Gold,TREES
Quiet Cove,BUSHES
Quiet Cove,CONIFER
Quiet Cove,DECIDUOUS
Quiet Cove,HILLS
Quiet Cove,LAKE
Quiet Cove,ROCKS
Quiet Cove,TREE
Quiet Cove,TREES
River'S Peace,DECIDUOUS
River'S Peace,GRASS
River'S Peace,RIVER
River'S Peace,TREE
River'S Peace,TREES
River'S Peace,WATERFALL
At Dawn'S Light,BUSHES
At Dawn'S Light,CONIFER
At Dawn'S Light,DECIDUOUS
At Dawn'S Light,LAKE
At Dawn'S Light,PATH
At Dawn'S Light,TREE
At Dawn'S Light,TREES
Valley Waterfall,CONIFER
Valley Waterfall,GRASS
Valley Waterfall,MOUNTAIN
Valley Waterfall,RIVER
Valley Waterfall,ROCKS
Valley Waterfall,SNOWY_MOUNTAIN
Valley Waterfall,TREE
Valley Waterfall,WATERFALL
Toward Day'S End,BUSHES
Toward Day'S End,CABIN
Toward Day'S End,DECIDUOUS
Toward Day'S End,FRAMED
Toward Day'S End,GRASS
Toward Day'S End,OVAL_FRAME
Toward Day'S End,RIVER
Toward Day'S End,STRUCTURE
Toward Day'S End,TREE
Toward Day'S End,TREES
Falls In The Glen,CONIFER
Falls In The Glen,DECIDUOUS
Falls In The Glen,GRASS
Falls In The Glen,MOUNTAIN
Falls In The Glen,RIVER
Falls In The Glen,TREE
Falls In The Glen,TREES
Falls In The Glen,WATERFALL
Frozen Beauty In Vignette,CABIN
Frozen Beauty In Vignette,CONIFER
Frozen Beauty In Vignette,DECIDUOUS
Frozen Beauty In Vignette,LAKE
Frozen Beauty In Vignette,SNOW
Frozen Beauty In Vignette,STRUCTURE
Frozen Beauty In Vignette,TREE
Frozen Beauty In Vignette,TREES
Frozen Beauty In Vignette,WINTER
Crimson Tide,BEACH
Crimson Tide,CLIFF
Crimson Tide,CLOUDS
Crimson Tide,OCEAN
Crimson Tide,ROCKS
Crimson Tide,SUN
Crimson Tide,WAVES
Winter Bliss,BUSHES
Winter Bliss,DECIDUOUS
Winter Bliss,FRAMED
Winter Bliss,LAKE
Winter Bliss,MOUNTAIN
Winter Bliss,MOUNTAINS
Winter Bliss,OVAL_FRAME
Winter Bliss,SNOW
Winter Bliss,SNOWY_MOUNTAIN
Winter Bliss,TREE
Winter Bliss,WINTER
Gray Mountain,BUSHES
Gray Mountain,CONIFER
Gray Mountain,MOUNTAIN
Gray Mountain,RIVER
Gray Mountain,SNOWY_MOUNTAIN
Gray Mountain,TREE
Gray Mountain,TREES
Wayside Pond,DECIDUOUS
Wayside Pond,LAKE
Wayside Pond,TREE
Wayside Pond,TREES
Teton Winter,CABIN
Teton Winter,DECIDUOUS
Teton Winter,MOUNTAIN
Teton Winter,SNOW
Teton Winter,SNOWY_MOUNTAIN
Teton Winter,STRUCTURE
Teton Winter,TREE
Teton Winter,TREES
Teton Winter,WINTER
Little Home In The Meadow,CABIN
Little Home In The Meadow,CONIFER
Little Home In The Meadow,DECIDUOUS
Little Home In The Meadow,FRAMED
Little Home In The Meadow,GRASS
Little Home In The Meadow,OVAL_FRAME
Little Home In The Meadow,STRUCTURE
Little Home In The Meadow,TREE
Little Home In The Meadow,TREES
A Pretty Autumn Day,CLOUDS
A Pretty Autumn Day,CONIFER
A Pretty Autumn Day,DECIDUOUS
A Pretty Autumn Day,GRASS
A Pretty Autumn Day,MOUNTAIN
A Pretty Autumn Day,RIVER
A Pretty Autumn Day,ROCKS
A Pretty Autumn Day,SNOWY_MOUNTAIN
A Pretty Autumn Day,TREE
A Pretty Autumn Day,TREES
Mirrored Images,CLOUDS
Mirrored Images,CONIFER
Mirrored Images,LAKE
Mirrored Images,MOUNTAIN
Mirrored Images,MOUNTAINS
Mirrored Images,ROCKS
Mirrored Images,TREE
Mirrored Images,TREES
Back Country,BUSHES
Back Country,DECIDUOUS
Back Country,PATH
Back Country,TREE
Back Country,TREES
Graceful Waterfall,CLIFF
Graceful Waterfall,DECIDUOUS
Graceful Waterfall,RIVER
Graceful Waterfall,ROCKS
Graceful Waterfall,TREE
Graceful Waterfall,TREES
Graceful Waterfall,WATERFALL
Icy Lake,CONIFER
Icy Lake,DECIDUOUS
Icy Lake,FRAMED
Icy Lake,GUEST
Icy Lake,LAKE
Icy Lake,OVAL_FRAME
Icy Lake,SNOW
Icy Lake,STEVE_ROSS
Icy Lake,TREE
Icy Lake,TREES
Icy Lake,WINTER
Rowboat On The Beach,BEACH
Rowboat On The Beach,BOAT
Rowboat On The Beach,CLOUDS
Rowboat On The Beach,FRAMED
Rowboat On The Beach,GRASS
Rowboat On The Beach,HILLS
Rowboat On The Beach,OCEAN
Rowboat On The Beach,OVAL_FRAME
Rowboat On The Beach,SUN
Rowboat On The Beach,WAVES
Portrait Of Winter,BUSHES
Portrait Of Winter,CONIFER
Portrait Of Winter,LAKE
Portrait Of Winter,MOUNTAIN
Portrait Of Winter,MOUNTAINS
Portrait Of Winter,SNOW
Portrait Of Winter,SNOWY_MOUNTAIN
Portrait Of Winter,TREE
Portrait Of Winter,TREES
Portrait Of Winter,WINTER
The Footbridge,BRIDGE
The Footbridge,CONIFER
The Footbridge,DECIDUOUS
The Footbridge,GRASS
The Footbridge,RIVER
The Footbridge,ROCKS
The Footbridge,STRUCTURE
The Footbridge,TREE
The Footbridge,TREES
Snowbound Cabin,CABIN
Snowbound Cabin,CLOUDS
Snowbound Cabin,CONIFER
Snowbound Cabin,DECIDUOUS
Snowbound Cabin,FENCE
Snowbound Cabin,SNOW
Snowbound Cabin,TREE
Snowbound Cabin,TREES
Snowbound Cabin,WINTER
Hide-A-Way Cove,BUSHES
Hide-A-Way Cove,CONIFER
Hide-A-Way Cove,LAKE
Hide-A-Way Cove,MOUNTAIN
Hide-A-Way Cove,SNOWY_MOUNTAIN
Hide-A-Way Cove,TREE
Hide-A-Way Cove,TREES
Enchanted Falls Oval,DECIDUOUS
Enchanted Falls Oval,FRAMED
Enchanted Falls Oval,OVAL_FRAME
Enchanted Falls Oval,RIVER
Enchanted Falls Oval,TREE
Enchanted Falls Oval,TREES
Enchanted Falls Oval,WATERFALL
Not Quite Spring,CONIFER
Not Quite Spring,LAKE
Not Quite Spring,MOUNTAIN
Not Quite Spring,SNOW
Not Quite Spring,SNOWY_MOUNTAIN
Not Quite Spring,TREE
Not Quite Spring,TREES
Not Quite Spring,WINTER
Splashes Of Autumn,DECIDUOUS
Splashes Of Autumn,LAKE
Splashes Of Autumn,RIVER
Splashes Of Autumn,TREE
Splashes Of Autumn,TREES
Splashes Of Autumn,WATERFALL
Summer In The Mountain,BUSHES
Summer In The Mountain,CLOUDS
Summer In The Mountain,CONIFER
Summer In The Mountain,GUEST
Summer In The Mountain,LAKE
Summer In The Mountain,MOUNTAIN
Summer In The Mountain,MOUNTAINS
Summer In The Mountain,SNOWY_MOUNTAIN
Summer In The Mountain,STEVE_ROSS
Summer In The Mountain,TREE
Summer In The Mountain,TREES
Oriental Falls,BUSHES
Oriental Falls,CONIFER
Oriental Falls,FOG
Oriental Falls,ROCKS
Oriental Falls,TREE
Oriental Falls,TREES
Oriental Falls,WATERFALL
Autumn Palette,DECIDUOUS
Autumn Palette,FENCE
Autumn Palette,LAKE
Autumn Palette,TREE
Autumn Palette,TREES
Cypress Swamp,DECIDUOUS
Cypress Swamp,LAKE
Cypress Swamp,TREE
Downstream View,CLOUDS
Downstream View,CONIFER
Downstream View,CUMULUS
Downstream View,DECIDUOUS
Downstream View,GRASS
Downstream View,RIVER
Downstream View,ROCKS
Downstream View,TREE
Downstream View,TREES
Just Before The Storm,CLOUDS
Just Before The Storm,FRAMED
Just Before The Storm,OCEAN
Just Before The Storm,OVAL_FRAME
Just Before The Storm,PALM_TREES
Just Before The Storm,WAVES
Fisherman'S Paradise,CABIN
Fisherman'S Paradise,CONIFER
Fisherman'S Paradise,LAKE
Fisherman'S Paradise,STRUCTURE
Fisherman'S Paradise,SUN
Fisherman'S Paradise,TREE
Fisherman'S Paradise,TREES
Desert Hues,CACTUS
Desert Hues,CIRRUS
Desert Hues,CLOUDS
Desert Hues,MOUNTAIN
Desert Hues,PATH
The Property Line,BUSHES
The Property Line,DECIDUOUS
The Property Line,FENCE
The Property Line,SNOW
The Property Line,TREE
The Property Line,WINTER
In The Stillness Of Morning,BUSHES
In The Stillness Of Morning,CONIFER
In The Stillness Of Morning,FOG
In The Stillness Of Morning,GRASS
In The Stillness Of Morning,RIVER
In The Stillness Of Morning,TREE
In The Stillness Of Morning,TREES
Delightful Meadow Home,CABIN
Delightful Meadow Home,DECIDUOUS
Delightful Meadow Home,FENCE
Delightful Meadow Home,GRASS
Delightful Meadow Home,PATH
Delightful Meadow Home,STRUCTURE
Delightful Meadow Home,TREE
Delightful Meadow Home,TREES
First Snow,CLOUDS
First Snow,CONIFER
First Snow,GRASS
First Snow,MOUNTAIN
First Snow,SNOW
First Snow,SNOWY_MOUNTAIN
First Snow,TREE
First Snow,TREES
First Snow,WINTER
Lake In The Valley,BUSHES
Lake In The Valley,DECIDUOUS
Lake In The Valley,GRASS
Lake In The Valley,LAKE
Lake In The Valley,MOUNTAIN
Lake In The Valley,PATH
Lake In The Valley,SNOWY_MOUNTAIN
Lake In The Valley,SUN
Lake In The Valley,TREE
Lake In The Valley,TREES
Trace Of Spring,BUSHES
Trace Of Spring,CONIFER
Trace Of Spring,DECIDUOUS
Trace Of Spring,FLOWERS
Trace Of Spring,GRASS
Trace Of Spring,RIVER
Trace Of Spring,TREE
Trace Of Spring,TREES
Arctic Winter Day,CABIN
Arctic Winter Day,CLOUDS
Arctic Winter Day,CONIFER
Arctic Winter Day,LAKE
Arctic Winter Day,MOUNTAIN
Arctic Winter Day,MOUNTAINS
Arctic Winter Day,SNOW
Arctic Winter Day,SNOWY_MOUNTAIN
Arctic Winter Day,STRUCTURE
Arctic Winter Day,TREE
Arctic Winter Day,TREES
Arctic Winter Day,WINTER
Snow Birch,DECIDUOUS
Snow Birch,LAKE
Snow Birch,SNOW
Snow Birch,TREE
Snow Birch,TREES
Snow Birch,WINTER
Early Autumn,CONIFER
Early Autumn,DECIDUOUS
Early Autumn,FRAMED
Early Autumn,GRASS
Early Autumn,LAKE
Early Autumn,MOUNTAIN
Early Autumn,OVAL_FRAME
Early Autumn,TREE
Early Autumn,TREES
Tranquil Wooded Stream,DECIDUOUS
Tranquil Wooded Stream,RIVER
Tranquil Wooded Stream,ROCKS
Tranquil Wooded Stream,TREE
Tranquil Wooded Stream,TREES
Purple Mountain Range,
Storm'S A Comin',BEACH
Storm'S A Comin',CLOUDS
Storm'S A Comin',CUMULUS
Storm'S A Comin',HILLS
Storm'S A Comin',OCEAN
Storm'S A Comin',ROCKS
Storm'S A Comin',WAVES
Sunset Aglow,CLOUDS
Sunset Aglow,CONIFER
Sunset Aglow,LAKE
Sunset Aglow,MOUNTAIN
Sunset Aglow,TREE
Sunset Aglow,TREES
Evening At The Falls,CONIFER
Evening At The Falls,NIGHT
Evening At The Falls,RIVER
Evening At The Falls,TREE
Evening At The Falls,TREES
Evening At The Falls,WATERFALL
Twilight Beauty,CONIFER
Twilight Beauty,DECIDUOUS
Twilight Beauty,FOG
Twilight Beauty,FRAMED
Twilight Beauty,LAKE
Twilight Beauty,OVAL_FRAME
Twilight Beauty,SUN
Twilight Beauty,TREE
Twilight Beauty,TREES
Angler'S Haven,CONIFER
Angler'S Haven,LAKE
Angler'S Haven,MOUNTAIN
Angler'S Haven,MOUNTAINS
Angler'S Haven,ROCKS
Angler'S Haven,SNOWY_MOUNTAIN
Angler'S Haven,TREE
Angler'S Haven,TREES
Rustic Winter Woods,DECIDUOUS
Rustic Winter Woods,SNOW
Rustic Winter Woods,SUN
Rustic Winter Woods,TREE
Rustic Winter Woods,TREES
Rustic Winter Woods,WINTER
Wilderness Falls,BUSHES
Wilderness Falls,CLOUDS
Wilderness Falls,CONIFER
Wilderness Falls,GRASS
Wilderness Falls,MOUNTAIN
Wilderness Falls,MOUNTAINS
Wilderness Falls,RIVER
Wilderness Falls,ROCKS
Wilderness Falls,TREE
Wilderness Falls,TREES
Wilderness Falls,WATERFALL
Winter At The Farm,CONIFER
Winter At The Farm,FARM
Winter At The Farm,FENCE
Winter At The Farm,SNOW
Winter At The Farm,STRUCTURE
Winter At The Farm,TREE
Winter At The Farm,TREES
Winter At The Farm,WINTER
Daisies At Dawn,CABIN
Daisies At Dawn,CONIFER
Daisies At Dawn,DECIDUOUS
Daisies At Dawn,FLOWERS
Daisies At Dawn,FRAMED
Daisies At Dawn,LAKE
Daisies At Dawn,OVAL_FRAME
Daisies At Dawn,STRUCTURE
Daisies At Dawn,TREE
Daisies At Dawn,TREES
Spectacular View,CABIN
Spectacular View,CLOUDS
Spectacular View,CONIFER
Spectacular View,CUMULUS
Spectacular View,MOUNTAIN
Spectacular View,MOUNTAINS
Spectacular View,PATH
Spectacular View,STRUCTURE
Spectacular View,TREE
Spectacular View,TREES
Daybreak,CABIN
Daybreak,CONIFER
Daybreak,DECIDUOUS
Daybreak,FENCE
Daybreak,FOG
Daybreak,SNOW
Daybreak,STRUCTURE
Daybreak,TREE
Daybreak,TREES
Daybreak,WINTER
Island Paradise,BEACH
Island Paradise,CLOUDS
Island Paradise,FRAMED
Island Paradise,HILLS
Island Paradise,OCEAN
Island Paradise,OVAL_FRAME
Island Paradise,PALM_TREES
Island Paradise,ROCKS
Island Paradise,WAVES
Sunlight In The Shadows,BUSHES
Sunlight In The Shadows,DECIDUOUS
Sunlight In The Shadows,GRASS
Sunlight In The Shadows,GUEST
Sunlight In The Shadows,RIVER
Sunlight In The Shadows,SUN
Sunlight In The Shadows,TREE
Sunlight In The Shadows,TREES
Splendor Of A Snowy White,CABIN
Splendor Of A Snowy White,CONIFER
Splendor Of A Snowy White,DECIDUOUS
Splendor Of A Snowy White,MOUNTAIN
Splendor Of A Snowy White,SNOW
Splendor Of A Snowy White,SNOWY_MOUNTAIN
Splendor Of A Snowy White,STRUCTURE
Splendor Of A Snowy White,TREE
Splendor Of A Snowy White,TREES
Splendor Of A Snowy White,WINTER
Forest River,DECIDUOUS
Forest River,GRASS
Forest River,RIVER
Forest River,SUN
Forest River,TREE
Forest River,TREES
Golden Glow Of Morning,CONIFER
Golden Glow Of Morning,FOG
Golden Glow Of Morning,LAKE
Golden Glow Of Morning,ROCKS
Golden Glow Of Morning,SUN
Golden Glow Of Morning,TREE
Golden Glow Of Morning,TREES
Fisherman'S Trail,BUSHES
Fisherman'S Trail,CONIFER
Fisherman'S Trail,LAKE
Fisherman'S Trail,MOUNTAIN
Fisherman'S Trail,MOUNTAINS
Fisherman'S Trail,PATH
Fisherman'S Trail,SNOWY_MOUNTAIN
Fisherman'S Trail,TREE
Fisherman'S Trail,TREES
To A Warm Winter,BARN
To A Warm Winter,CONIFER
To A Warm Winter,DECIDUOUS
To A Warm Winter,HILLS
To A Warm Winter,SNOW
To A Warm Winter,STRUCTURE
To A Warm Winter,SUN
To A Warm Winter,TREE
To A Warm Winter,TREES
To A Warm Winter,WINTER
Under Pastel Skies,CLOUDS
Under Pastel Skies,CONIFER
Under Pastel Skies,MOUNTAIN
Under Pastel Skies,SNOWY_MOUNTAIN
Under Pastel Skies,TREE
Under Pastel Skies,TREES
Golden Rays Of Sunlight,BUSHES
Golden Rays Of Sunlight,DECIDUOUS
Golden Rays Of Sunlight,SUN
Golden Rays Of Sunlight,TREE
Golden Rays Of Sunlight,TREES
Magic Of Fall,DECIDUOUS
Magic Of Fall,FENCE
Magic Of Fall,GRASS
Magic Of Fall,TREE
Glacier Lake,CONIFER
Glacier Lake,GRASS
Glacier Lake,LAKE
Glacier Lake,MOUNTAIN
Glacier Lake,ROCKS
Glacier Lake,SNOWY_MOUNTAIN
Glacier Lake,TREE
Glacier Lake,TREES
The Old Weathered Barn,BARN
The Old Weathered Barn,DECIDUOUS
The Old Weathered Barn,GRASS
The Old Weathered Barn,PATH
The Old Weathered Barn,TREE
The Old Weathered Barn,TREES
Deep Forest Falls,BUSHES
Deep Forest Falls,DECIDUOUS
Deep Forest Falls,RIVER
Deep Forest Falls,TREE
Deep Forest Falls,TREES
Deep Forest Falls,WATERFALL
Winter'S Grace,CONIFER
Winter'S Grace,FOG
Winter'S Grace,MOUNTAIN
Winter'S Grace,MOUNTAINS
Winter'S Grace,SNOW
Winter'S Grace,TREE
Winter'S Grace,TREES
Winter'S Grace,WINTER
Splendor Of Autumn,DECIDUOUS
Splendor Of Autumn,FOG
Splendor Of Autumn,GRASS
Splendor Of Autumn,LAKE
Splendor Of Autumn,SUN
Splendor Of Autumn,TREE
Splendor Of Autumn,TREES
Tranquil Seas,BEACH
Tranquil Seas,CLOUDS
Tranquil Seas,CUMULUS
Tranquil Seas,OCEAN
Tranquil Seas,SUN
Tranquil Seas,WAVES
Mountain Serenity,BUSHES
Mountain Serenity,CONIFER
Mountain Serenity,GRASS
Mountain Serenity,LAKE
Mountain Serenity,MOUNTAIN
Mountain Serenity,SNOWY_MOUNTAIN
Mountain Serenity,TREE
Mountain Serenity,TREES
Home Before Nightfall,CABIN
Home Before Nightfall,CLOUDS
Home Before Nightfall,DECIDUOUS
Home Before Nightfall,GRASS
Home Before Nightfall,NIGHT
Home Before Nightfall,STRUCTURE
Home Before Nightfall,TREE
Home Before Nightfall,TREES
Island In The Wilderness,BUSHES
Island In The Wilderness,CONIFER
Island In The Wilderness,LAKE
Island In The Wilderness,TREE
Island In The Wilderness,TREES
Autumn Oval,BUSHES
Autumn Oval,CONIFER
Autumn Oval,FRAMED
Autumn Oval,LAKE
Autumn Oval,MOUNTAINS
Autumn Oval,OVAL_FRAME
Autumn Oval,TREE
Autumn Oval,TREES
Seasonal Progression,BUSHES
Seasonal Progression,CONIFER
Seasonal Progression,FRAMED
Seasonal Progression,GRASS
Seasonal Progression,LAKE
Seasonal Progression,MOUNTAIN
Seasonal Progression,MOUNTAINS
Seasonal Progression,SNOW
Seasonal Progression,SNOWY_MOUNTAIN
Seasonal Progression,SPLIT_FRAME
Seasonal Progression,TREE
Seasonal Progression,TREES
Seasonal Progression,WINTER
Light At The Summit,DECIDUOUS
Light At The Summit,GRASS
Light At The Summit,MOUNTAIN
Light At The Summit,MOUNTAINS
Light At The Summit,PATH
Light At The Summit,SUN
Light At The Summit,TREE
Light At The Summit,TREES
Countryside Barn,BARN
Countryside Barn,DECIDUOUS
Countryside Barn,GRASS
Countryside Barn,PATH
Countryside Barn,STRUCTURE
Countryside Barn,TREE
Mountain Lake Falls,CLOUDS
Mountain Lake Falls,CONIFER
Mountain Lake Falls,CUMULUS
Mountain Lake Falls,LAKE
Mountain Lake Falls,MOUNTAIN
Mountain Lake Falls,MOUNTAINS
Mountain Lake Falls,RIVER
Mountain Lake Falls,SNOWY_MOUNTAIN
Mountain Lake Falls,TREE
Mountain Lake Falls,TREES
Mountain Lake Falls,WATERFALL
Cypress Creek,DECIDUOUS
Cypress Creek,GRASS
Cypress Creek,RIVER
Cypress Creek,TREE
Cypress Creek,TREES
Trapper'S Cabin,BUSHES
Trapper'S Cabin,CABIN
Trapper'S Cabin,CONIFER
Trapper'S Cabin,DECIDUOUS
Trapper'S Cabin,LAKE
Trapper'S Cabin,MOUNTAIN
Trapper'S Cabin,MOUNTAINS
Trapper'S Cabin,STRUCTURE
Trapper'S Cabin,TREE
Trapper'S Cabin,TREES
Storm On The Horizon,BEACH
Storm On The Horizon,CLOUDS
Storm On The Horizon,GRASS
Storm On The Horizon,OCEAN
Storm On The Horizon,PALM_TREES
Storm On The Horizon,ROCKS
Storm On The Horizon,WAVES
Pot 'O Posies,FLOWERS
Pot 'O Posies,GUEST
Perfect Winter'S Day,BUSHES
Perfect Winter'S Day,CABIN
Perfect Winter'S Day,CLOUDS
Perfect Winter'S Day,CONIFER
Perfect Winter'S Day,MOUNTAIN
Perfect Winter'S Day,SNOW
Perfect Winter'S Day,SNOWY_MOUNTAIN
Perfect Winter'S Day,STRUCTURE
Perfect Winter'S Day,TREE
Perfect Winter'S Day,TREES
Perfect Winter'S Day,WINTER
Aurora'S Dance,AURORA_BOREALIS
Aurora'S Dance,CABIN
Aurora'S Dance,CONIFER
Aurora'S Dance,LAKE
Aurora'S Dance,NIGHT
Aurora'S Dance,SNOW
Aurora'S Dance,TREE
Aurora'S Dance,TREES
Aurora'S Dance,WINTER
The Woodman'S Retreat,BUSHES
The Woodman'S Retreat,CONIFER
The Woodman'S Retreat,LAKE
The Woodman'S Retreat,MOUNTAIN
The Woodman'S Retreat,MOUNTAINS
The Woodman'S Retreat,SNOWY_MOUNTAIN
The Woodman'S Retreat,TREE
The Woodman'S Retreat,TREES
Babbling Brook,BUSHES
Babbling Brook,DECIDUOUS
Babbling Brook,GRASS
Babbling Brook,RIVER
Babbling Brook,TREE
Babbling Brook,WATERFALL
Woodgrain View,DECIDUOUS
Woodgrain View,FRAMED
Woodgrain View,GRASS
Woodgrain View,LAKE
Woodgrain View,MOUNTAIN
Woodgrain View,SNOWY_MOUNTAIN
Woodgrain View,TREE
Woodgrain View,WOOD_FRAMED
Winter'S Peace,CABIN
Winter'S Peace,CLOUDS
Winter'S Peace,CONIFER
Winter'S Peace,LAKE
Winter'S Peace,STRUCTURE
Winter'S Peace,TREE
Winter'S Peace,TREES
Wilderness Trail,BUSHES
Wilderness Trail,DECIDUOUS
Wilderness Trail,PATH
Wilderness Trail,TREE
Wilderness Trail,TREES
Copper Winter,CONIFER
Copper Winter,DECIDUOUS
Copper Winter,LAKE
Copper Winter,TREE
Copper Winter,TREES
Misty Foothills,CLOUDS
Misty Foothills,CONIFER
Misty Foothills,CUMULUS
Misty Foothills,HILLS
Misty Foothills,LAKE
Misty Foothills,MOUNTAIN
Misty Foothills,TREE
Misty Foothills,TREES
Through The Window,CONIFER
Through The Window,DECIDUOUS
Through The Window,FRAMED
Through The Window,SNOW
Through The Window,TREE
Through The Window,TREES
Through The Window,WINDOW_FRAME
Through The Window,WINTER
Home In The Valley,CABIN
Home In The Valley,CLOUDS
Home In The Valley,CONIFER
Home In The Valley,CUMULUS
Home In The Valley,GRASS
Home In The Valley,LAKE
Home In The Valley,STRUCTURE
Home In The Valley,TREE
Home In The Valley,TREES
Mountains Of Grace,CIRRUS
Mountains Of Grace,CLOUDS
Mountains Of Grace,CONIFER
Mountains Of Grace,DECIDUOUS
Mountains Of Grace,GUEST
Mountains Of Grace,MOUNTAIN
Mountains Of Grace,MOUNTAINS
Mountains Of Grace,RIVER
Mountains Of Grace,SNOWY_MOUNTAIN
Mountains Of Grace,STEVE_ROSS
Mountains Of Grace,TREE
Mountains Of Grace,TREES
Seaside Harmony,BEACH
Seaside Harmony,CLOUDS
Seaside Harmony,OCEAN
Seaside Harmony,ROCKS
Seaside Harmony,WAVES
Cold Spring Day,BUSHES
Cold Spring Day,CONIFER
Cold Spring Day,LAKE
Cold Spring Day,MOUNTAIN
Cold Spring Day,MOUNTAINS
Cold Spring Day,SNOWY_MOUNTAIN
Cold Spring Day,TREE
Cold Spring Day,TREES
Evening'S Glow,CABIN
Evening'S Glow,CONIFER
Evening'S Glow,DECIDUOUS
Evening'S Glow,GRASS
Evening'S Glow,PATH
Evening'S Glow,SUN
Evening'S Glow,TREE
Evening'S Glow,TREES
Blue Ridge Falls,BUSHES
Blue Ridge Falls,CONIFER
Blue Ridge Falls,MOUNTAIN
Blue Ridge Falls,RIVER
Blue Ridge Falls,ROCKS
Blue Ridge Falls,TREE
Blue Ridge Falls,TREES
Blue Ridge Falls,WATERFALL
Reflections Of Calm,CONIFER
Reflections Of Calm,LAKE
Reflections Of Calm,MOUNTAIN
Reflections Of Calm,MOUNTAINS
Reflections Of Calm,TREE
Reflections Of Calm,TREES
Before The Snowfall,BUSHES
Before The Snowfall,CABIN
Before The Snowfall,CLOUDS
Before The Snowfall,CONIFER
Before The Snowfall,RIVER
Before The Snowfall,STRUCTURE
Before The Snowfall,TREE
Before The Snowfall,TREES
Winding Stream,CLOUDS
Winding Stream,CONIFER
Winding Stream,GRASS
Winding Stream,RIVER
Winding Stream,ROCKS
Winding Stream,TREE
Winding Stream,TREES
Tranquility Cove,DECIDUOUS
Tranquility Cove,GRASS
Tranquility Cove,LAKE
Tranquility Cove,ROCKS
Tranquility Cove,TREE
Tranquility Cove,TREES
Cabin In The Hollow,CABIN
Cabin In The Hollow,CONIFER
Cabin In The Hollow,FRAMED
Cabin In The Hollow,OVAL_FRAME
Cabin In The Hollow,RIVER
Cabin In The Hollow,SNOW
Cabin In The Hollow,TREE
Cabin In The Hollow,TREES
Cabin In The Hollow,WINTER
View From Clear Creek,BUSHES
View From Clear Creek,CONIFER
View From Clear Creek,GRASS
View From Clear Creek,MOUNTAIN
View From Clear Creek,MOUNTAINS
View From Clear Creek,RIVER
View From Clear Creek,TREE
View From Clear Creek,TREES
Bridge To Autumn,BRIDGE
Bridge To Autumn,DECIDUOUS
Bridge To Autumn,LAKE
Bridge To Autumn,PATH
Bridge To Autumn,STRUCTURE
Bridge To Autumn,TREE
Bridge To Autumn,TREES
Trail'S End,CLOUDS
Trail'S End,DECIDUOUS
Trail'S End,PATH
Trail'S End,TREE
Trail'S End,TREES
Evergreen Valley,CONIFER
Evergreen Valley,GRASS
Evergreen Valley,MOUNTAIN
Evergreen Valley,MOUNTAINS
Evergreen Valley,ROCKS
Evergreen Valley,SNOWY_MOUNTAIN
Evergreen Valley,TREE
Evergreen Valley,TREES
Balmy Beach,BEACH
Balmy Beach,FRAMED
Balmy Beach,OCEAN
Balmy Beach,PALM_TREES
Balmy Beach,ROCKS
Balmy Beach,SEASHELL_FRAME
Balmy Beach,WAVES
Lake At The Ridge,CLOUDS
Lake At The Ridge,CONIFER
Lake At The Ridge,DECIDUOUS
Lake At The Ridge,GRASS
Lake At The Ridge,GUEST
Lake At The Ridge,LAKE
Lake At The Ridge,MOUNTAIN
Lake At The Ridge,MOUNTAINS
Lake At The Ridge,SNOWY_MOUNTAIN
Lake At The Ridge,STEVE_ROSS
Lake At The Ridge,TREE
Lake At The Ridge,TREES
In The Midst Of Winter,BARN
In The Midst Of Winter,CONIFER
In The Midst Of Winter,DECIDUOUS
In The Midst Of Winter,FOG
In The Midst Of Winter,PATH
In The Midst Of Winter,SNOW
In The Midst Of Winter,STRUCTURE
In The Midst Of Winter,TREE
In The Midst Of Winter,TREES
In The Midst Of Winter,WINTER
Wilderness Day,DECIDUOUS
Wilderness Day,GRASS
Wilderness Day,MOUNTAIN
Wilderness Day,TREE
Wilderness Day,TREES
